group_id,n_frames,uses_0050,frame_ids,n_common_objects,common_object_ids,frame_pairs
G0001,4,False,"['0051_POS_073', '0052_POS_105', '0053_POS_105', '0054_POS_113']",22,"['DHBW_OBJ_001', 'DHBW_OBJ_024', 'DHBW_OBJ_025', 'DHBW_OBJ_026', 'DHBW_OBJ_027', 'DHBW_OBJ_028', 'DHBW_OBJ_029', 'DHBW_OBJ_030', 'DHBW_OBJ_031', 'DHBW_OBJ_032', 'DHBW_OBJ_033', 'DHBW_OBJ_034', 'DHBW_OBJ_037', 'DHBW_OBJ_038', 'DHBW_OBJ_039', 'DHBW_OBJ_040', 'DHBW_OBJ_041', 'DHBW_OBJ_042', 'DHBW_OBJ_043', 'DHBW_OBJ_044', 'DHBW_OBJ_045', 'DHBW_OBJ_046']","[('0051_POS_073', '0052_POS_105'), ('0051_POS_073', '0053_POS_105'), ('0051_POS_073', '0054_POS_113'), ('0052_POS_105', '0053_POS_105'), ('0052_POS_105', '0054_POS_113'), ('0053_POS_105', '0054_POS_113')]"
G0002,4,False,"['0052_POS_105', '0053_POS_105', '0054_POS_113', '0055_POS_113']",13,"['DHBW_OBJ_001', 'DHBW_OBJ_005', 'DHBW_OBJ_024', 'DHBW_OBJ_025', 'DHBW_OBJ_034', 'DHBW_OBJ_037', 'DHBW_OBJ_046', 'DHBW_OBJ_077', 'DHBW_OBJ_078', 'DHBW_OBJ_080', 'DHBW_OBJ_081', 'DHBW_OBJ_082', 'DHBW_OBJ_083']","[('0052_POS_105', '0053_POS_105'), ('0052_POS_105', '0054_POS_113'), ('0052_POS_105', '0055_POS_113'), ('0053_POS_105', '0054_POS_113'), ('0053_POS_105', '0055_POS_113'), ('0054_POS_113', '0055_POS_113')]"
G0003,4,False,"['0052_POS_057', '0053_POS_057', '0054_POS_073', '0055_POS_081']",12,"['DHBW_OBJ_063', 'DHBW_OBJ_064', 'DHBW_OBJ_065', 'DHBW_OBJ_066', 'DHBW_OBJ_067', 'DHBW_OBJ_068', 'DHBW_OBJ_069', 'DHBW_OBJ_072', 'DHBW_OBJ_073', 'DHBW_OBJ_113', 'DHBW_OBJ_114', 'DHBW_OBJ_115']","[('0052_POS_057', '0053_POS_057'), ('0052_POS_057', '0054_POS_073'), ('0052_POS_057', '0055_POS_081'), ('0053_POS_057', '0054_POS_073'), ('0053_POS_057', '0055_POS_081'), ('0054_POS_073', '0055_POS_081')]"
G0004,4,False,"['0052_POS_097', '0053_POS_105', '0054_POS_113', '0055_POS_113']",12,"['DHBW_OBJ_001', 'DHBW_OBJ_005', 'DHBW_OBJ_006', 'DHBW_OBJ_009', 'DHBW_OBJ_024', 'DHBW_OBJ_025', 'DHBW_OBJ_077', 'DHBW_OBJ_078', 'DHBW_OBJ_080', 'DHBW_OBJ_081', 'DHBW_OBJ_082', 'DHBW_OBJ_083']","[('0052_POS_097', '0053_POS_105'), ('0052_POS_097', '0054_POS_113'), ('0052_POS_097', '0055_POS_113'), ('0053_POS_105', '0054_POS_113'), ('0053_POS_105', '0055_POS_113'), ('0054_POS_113', '0055_POS_113')]"
G0005,4,False,"['0051_POS_041', '0052_POS_057', '0053_POS_057', '0054_POS_073']",10,"['DHBW_OBJ_063', 'DHBW_OBJ_064', 'DHBW_OBJ_065', 'DHBW_OBJ_066', 'DHBW_OBJ_067', 'DHBW_OBJ_068', 'DHBW_OBJ_069', 'DHBW_OBJ_071', 'DHBW_OBJ_072', 'DHBW_OBJ_073']","[('0051_POS_041', '0052_POS_057'), ('0051_POS_041', '0053_POS_057'), ('0051_POS_041', '0054_POS_073'), ('0052_POS_057', '0053_POS_057'), ('0052_POS_057', '0054_POS_073'), ('0053_POS_057', '0054_POS_073')]"
G0006,4,False,"['0051_POS_041', '0053_POS_057', '0054_POS_073', '0055_POS_081']",10,"['DHBW_OBJ_063', 'DHBW_OBJ_064', 'DHBW_OBJ_065', 'DHBW_OBJ_066', 'DHBW_OBJ_067', 'DHBW_OBJ_068', 'DHBW_OBJ_069', 'DHBW_OBJ_072', 'DHBW_OBJ_073', 'DHBW_OBJ_076']","[('0051_POS_041', '0053_POS_057'), ('0051_POS_041', '0054_POS_073'), ('0051_POS_041', '0055_POS_081'), ('0053_POS_057', '0054_POS_073'), ('0053_POS_057', '0055_POS_081'), ('0054_POS_073', '0055_POS_081')]"
G0007,4,False,"['0051_POS_041', '0052_POS_057', '0053_POS_057', '0055_POS_081']",9,"['DHBW_OBJ_063', 'DHBW_OBJ_064', 'DHBW_OBJ_065', 'DHBW_OBJ_066', 'DHBW_OBJ_067', 'DHBW_OBJ_068', 'DHBW_OBJ_069', 'DHBW_OBJ_072', 'DHBW_OBJ_073']","[('0051_POS_041', '0052_POS_057'), ('0051_POS_041', '0053_POS_057'), ('0051_POS_041', '0055_POS_081'), ('0052_POS_057', '0053_POS_057'), ('0052_POS_057', '0055_POS_081'), ('0053_POS_057', '0055_POS_081')]"
G0008,4,False,"['0051_POS_041', '0052_POS_057', '0053_POS_065', '0054_POS_073']",9,"['DHBW_OBJ_062', 'DHBW_OBJ_066', 'DHBW_OBJ_067', 'DHBW_OBJ_068', 'DHBW_OBJ_069', 'DHBW_OBJ_070', 'DHBW_OBJ_071', 'DHBW_OBJ_072', 'DHBW_OBJ_073']","[('0051_POS_041', '0052_POS_057'), ('0051_POS_041', '0053_POS_065'), ('0051_POS_041', '0054_POS_073'), ('0052_POS_057', '0053_POS_065'), ('0052_POS_057', '0054_POS_073'), ('0053_POS_065', '0054_POS_073')]"
G0009,4,False,"['0051_POS_041', '0052_POS_057', '0054_POS_073', '0055_POS_081']",9,"['DHBW_OBJ_063', 'DHBW_OBJ_064', 'DHBW_OBJ_065', 'DHBW_OBJ_066', 'DHBW_OBJ_067', 'DHBW_OBJ_068', 'DHBW_OBJ_069', 'DHBW_OBJ_072', 'DHBW_OBJ_073']","[('0051_POS_041', '0052_POS_057'), ('0051_POS_041', '0054_POS_073'), ('0051_POS_041', '0055_POS_081'), ('0052_POS_057', '0054_POS_073'), ('0052_POS_057', '0055_POS_081'), ('0054_POS_073', '0055_POS_081')]"
G0010,4,False,"['0051_POS_041', '0053_POS_065', '0054_POS_073', '0055_POS_089']",9,"['DHBW_OBJ_062', 'DHBW_OBJ_066', 'DHBW_OBJ_067', 'DHBW_OBJ_068', 'DHBW_OBJ_069', 'DHBW_OBJ_070', 'DHBW_OBJ_072', 'DHBW_OBJ_073', 'DHBW_OBJ_076']","[('0051_POS_041', '0053_POS_065'), ('0051_POS_041', '0054_POS_073'), ('0051_POS_041', '0055_POS_089'), ('0053_POS_065', '0054_POS_073'), ('0053_POS_065', '0055_POS_089'), ('0054_POS_073', '0055_POS_089')]"
G0011,4,False,"['0052_POS_089', '0053_POS_089', '0054_POS_105', '0055_POS_113']",9,"['DHBW_OBJ_012', 'DHBW_OBJ_013', 'DHBW_OBJ_021', 'DHBW_OBJ_022', 'DHBW_OBJ_085', 'DHBW_OBJ_086', 'DHBW_OBJ_090', 'DHBW_OBJ_091', 'DHBW_OBJ_092']","[('0052_POS_089', '0053_POS_089'), ('0052_POS_089', '0054_POS_105'), ('0052_POS_089', '0055_POS_113'), ('0053_POS_089', '0054_POS_105'), ('0053_POS_089', '0055_POS_113'), ('0054_POS_105', '0055_POS_113')]"
G0012,4,False,"['0051_POS_041', '0052_POS_057', '0053_POS_065', '0055_POS_089']",8,"['DHBW_OBJ_062', 'DHBW_OBJ_066', 'DHBW_OBJ_067', 'DHBW_OBJ_068', 'DHBW_OBJ_069', 'DHBW_OBJ_070', 'DHBW_OBJ_072', 'DHBW_OBJ_073']","[('0051_POS_041', '0052_POS_057'), ('0051_POS_041', '0053_POS_065'), ('0051_POS_041', '0055_POS_089'), ('0052_POS_057', '0053_POS_065'), ('0052_POS_057', '0055_POS_089'), ('0053_POS_065', '0055_POS_089')]"
G0013,4,False,"['0051_POS_041', '0052_POS_057', '0054_POS_073', '0055_POS_089']",8,"['DHBW_OBJ_062', 'DHBW_OBJ_066', 'DHBW_OBJ_067', 'DHBW_OBJ_068', 'DHBW_OBJ_069', 'DHBW_OBJ_070', 'DHBW_OBJ_072', 'DHBW_OBJ_073']","[('0051_POS_041', '0052_POS_057'), ('0051_POS_041', '0054_POS_073'), ('0051_POS_041', '0055_POS_089'), ('0052_POS_057', '0054_POS_073'), ('0052_POS_057', '0055_POS_089'), ('0054_POS_073', '0055_POS_089')]"
G0014,4,False,"['0052_POS_057', '0053_POS_065', '0054_POS_073', '0055_POS_089']",8,"['DHBW_OBJ_062', 'DHBW_OBJ_066', 'DHBW_OBJ_067', 'DHBW_OBJ_068', 'DHBW_OBJ_069', 'DHBW_OBJ_070', 'DHBW_OBJ_072', 'DHBW_OBJ_073']","[('0052_POS_057', '0053_POS_065'), ('0052_POS_057', '0054_POS_073'), ('0052_POS_057', '0055_POS_089'), ('0053_POS_065', '0054_POS_073'), ('0053_POS_065', '0055_POS_089'), ('0054_POS_073', '0055_POS_089')]"
G0015,4,False,"['0051_POS_041', '0053_POS_057', '0054_POS_073', '0055_POS_089']",7,"['DHBW_OBJ_066', 'DHBW_OBJ_067', 'DHBW_OBJ_068', 'DHBW_OBJ_069', 'DHBW_OBJ_072', 'DHBW_OBJ_073', 'DHBW_OBJ_076']","[('0051_POS_041', '0053_POS_057'), ('0051_POS_041', '0054_POS_073'), ('0051_POS_041', '0055_POS_089'), ('0053_POS_057', '0054_POS_073'), ('0053_POS_057', '0055_POS_089'), ('0054_POS_073', '0055_POS_089')]"
G0016,4,False,"['0051_POS_041', '0053_POS_065', '0054_POS_073', '0055_POS_081']",7,"['DHBW_OBJ_066', 'DHBW_OBJ_067', 'DHBW_OBJ_068', 'DHBW_OBJ_069', 'DHBW_OBJ_072', 'DHBW_OBJ_073', 'DHBW_OBJ_076']","[('0051_POS_041', '0053_POS_065'), ('0051_POS_041', '0054_POS_073'), ('0051_POS_041', '0055_POS_081'), ('0053_POS_065', '0054_POS_073'), ('0053_POS_065', '0055_POS_081'), ('0054_POS_073', '0055_POS_081')]"
G0017,4,False,"['0052_POS_057', '0053_POS_065', '0054_POS_073', '0055_POS_081']",7,"['DHBW_OBJ_066', 'DHBW_OBJ_067', 'DHBW_OBJ_068', 'DHBW_OBJ_069', 'DHBW_OBJ_072', 'DHBW_OBJ_073', 'DHBW_OBJ_113']","[('0052_POS_057', '0053_POS_065'), ('0052_POS_057', '0054_POS_073'), ('0052_POS_057', '0055_POS_081'), ('0053_POS_065', '0054_POS_073'), ('0053_POS_065', '0055_POS_081'), ('0054_POS_073', '0055_POS_081')]"
G0018,4,False,"['0051_POS_041', '0052_POS_057', '0053_POS_057', '0055_POS_089']",6,"['DHBW_OBJ_066', 'DHBW_OBJ_067', 'DHBW_OBJ_068', 'DHBW_OBJ_069', 'DHBW_OBJ_072', 'DHBW_OBJ_073']","[('0051_POS_041', '0052_POS_057'), ('0051_POS_041', '0053_POS_057'), ('0051_POS_041', '0055_POS_089'), ('0052_POS_057', '0053_POS_057'), ('0052_POS_057', '0055_POS_089'), ('0053_POS_057', '0055_POS_089')]"
G0019,4,False,"['0051_POS_041', '0052_POS_057', '0053_POS_065', '0055_POS_081']",6,"['DHBW_OBJ_066', 'DHBW_OBJ_067', 'DHBW_OBJ_068', 'DHBW_OBJ_069', 'DHBW_OBJ_072', 'DHBW_OBJ_073']","[('0051_POS_041', '0052_POS_057'), ('0051_POS_041', '0053_POS_065'), ('0051_POS_041', '0055_POS_081'), ('0052_POS_057', '0053_POS_065'), ('0052_POS_057', '0055_POS_081'), ('0053_POS_065', '0055_POS_081')]"
G0020,4,False,"['0051_POS_049', '0052_POS_073', '0053_POS_072', '0054_POS_089']",6,"['DHBW_OBJ_020', 'DHBW_OBJ_049', 'DHBW_OBJ_054', 'DHBW_OBJ_055', 'DHBW_OBJ_056', 'DHBW_OBJ_058']","[('0051_POS_049', '0052_POS_073'), ('0051_POS_049', '0053_POS_072'), ('0051_POS_049', '0054_POS_089'), ('0052_POS_073', '0053_POS_072'), ('0052_POS_073', '0054_POS_089'), ('0053_POS_072', '0054_POS_089')]"
G0021,4,False,"['0051_POS_049', '0052_POS_073', '0053_POS_073', '0054_POS_089']",6,"['DHBW_OBJ_017', 'DHBW_OBJ_018', 'DHBW_OBJ_020', 'DHBW_OBJ_054', 'DHBW_OBJ_055', 'DHBW_OBJ_058']","[('0051_POS_049', '0052_POS_073'), ('0051_POS_049', '0053_POS_073'), ('0051_POS_049', '0054_POS_089'), ('0052_POS_073', '0053_POS_073'), ('0052_POS_073', '0054_POS_089'), ('0053_POS_073', '0054_POS_089')]"
G0022,4,False,"['0051_POS_049', '0052_POS_073', '0053_POS_081', '0055_POS_105']",6,"['DHBW_OBJ_015', 'DHBW_OBJ_016', 'DHBW_OBJ_017', 'DHBW_OBJ_018', 'DHBW_OBJ_020', 'DHBW_OBJ_058']","[('0051_POS_049', '0052_POS_073'), ('0051_POS_049', '0053_POS_081'), ('0051_POS_049', '0055_POS_105'), ('0052_POS_073', '0053_POS_081'), ('0052_POS_073', '0055_POS_105'), ('0053_POS_081', '0055_POS_105')]"
G0023,4,False,"['0051_POS_065', '0052_POS_097', '0053_POS_105', '0054_POS_113']",6,"['DHBW_OBJ_001', 'DHBW_OBJ_005', 'DHBW_OBJ_006', 'DHBW_OBJ_009', 'DHBW_OBJ_024', 'DHBW_OBJ_025']","[('0051_POS_065', '0052_POS_097'), ('0051_POS_065', '0053_POS_105'), ('0051_POS_065', '0054_POS_113'), ('0052_POS_097', '0053_POS_105'), ('0052_POS_097', '0054_POS_113'), ('0053_POS_105', '0054_POS_113')]"
G0024,4,False,"['0051_POS_065', '0052_POS_097', '0053_POS_105', '0055_POS_113']",6,"['DHBW_OBJ_001', 'DHBW_OBJ_005', 'DHBW_OBJ_006', 'DHBW_OBJ_009', 'DHBW_OBJ_024', 'DHBW_OBJ_025']","[('0051_POS_065', '0052_POS_097'), ('0051_POS_065', '0053_POS_105'), ('0051_POS_065', '0055_POS_113'), ('0052_POS_097', '0053_POS_105'), ('0052_POS_097', '0055_POS_113'), ('0053_POS_105', '0055_POS_113')]"
G0025,4,False,"['0051_POS_065', '0052_POS_097', '0054_POS_113', '0055_POS_113']",6,"['DHBW_OBJ_001', 'DHBW_OBJ_005', 'DHBW_OBJ_006', 'DHBW_OBJ_009', 'DHBW_OBJ_024', 'DHBW_OBJ_025']","[('0051_POS_065', '0052_POS_097'), ('0051_POS_065', '0054_POS_113'), ('0051_POS_065', '0055_POS_113'), ('0052_POS_097', '0054_POS_113'), ('0052_POS_097', '0055_POS_113'), ('0054_POS_113', '0055_POS_113')]"
G0026,4,False,"['0051_POS_065', '0053_POS_105', '0054_POS_113', '0055_POS_113']",6,"['DHBW_OBJ_001', 'DHBW_OBJ_005', 'DHBW_OBJ_006', 'DHBW_OBJ_009', 'DHBW_OBJ_024', 'DHBW_OBJ_025']","[('0051_POS_065', '0053_POS_105'), ('0051_POS_065', '0054_POS_113'), ('0051_POS_065', '0055_POS_113'), ('0053_POS_105', '0054_POS_113'), ('0053_POS_105', '0055_POS_113'), ('0054_POS_113', '0055_POS_113')]"
G0027,4,False,"['0051_POS_073', '0052_POS_105', '0053_POS_105', '0055_POS_113']",6,"['DHBW_OBJ_001', 'DHBW_OBJ_024', 'DHBW_OBJ_025', 'DHBW_OBJ_034', 'DHBW_OBJ_037', 'DHBW_OBJ_046']","[('0051_POS_073', '0052_POS_105'), ('0051_POS_073', '0053_POS_105'), ('0051_POS_073', '0055_POS_113'), ('0052_POS_105', '0053_POS_105'), ('0052_POS_105', '0055_POS_113'), ('0053_POS_105', '0055_POS_113')]"
G0028,4,False,"['0051_POS_073', '0052_POS_105', '0054_POS_113', '0055_POS_113']",6,"['DHBW_OBJ_001', 'DHBW_OBJ_024', 'DHBW_OBJ_025', 'DHBW_OBJ_034', 'DHBW_OBJ_037', 'DHBW_OBJ_046']","[('0051_POS_073', '0052_POS_105'), ('0051_POS_073', '0054_POS_113'), ('0051_POS_073', '0055_POS_113'), ('0052_POS_105', '0054_POS_113'), ('0052_POS_105', '0055_POS_113'), ('0054_POS_113', '0055_POS_113')]"
G0029,4,False,"['0051_POS_073', '0053_POS_105', '0054_POS_113', '0055_POS_113']",6,"['DHBW_OBJ_001', 'DHBW_OBJ_024', 'DHBW_OBJ_025', 'DHBW_OBJ_034', 'DHBW_OBJ_037', 'DHBW_OBJ_046']","[('0051_POS_073', '0053_POS_105'), ('0051_POS_073', '0054_POS_113'), ('0051_POS_073', '0055_POS_113'), ('0053_POS_105', '0054_POS_113'), ('0053_POS_105', '0055_POS_113'), ('0054_POS_113', '0055_POS_113')]"
G0030,4,False,"['0052_POS_057', '0053_POS_057', '0054_POS_073', '0055_POS_089']",6,"['DHBW_OBJ_066', 'DHBW_OBJ_067', 'DHBW_OBJ_068', 'DHBW_OBJ_069', 'DHBW_OBJ_072', 'DHBW_OBJ_073']","[('0052_POS_057', '0053_POS_057'), ('0052_POS_057', '0054_POS_073'), ('0052_POS_057', '0055_POS_089'), ('0053_POS_057', '0054_POS_073'), ('0053_POS_057', '0055_POS_089'), ('0054_POS_073', '0055_POS_089')]"
G0031,4,False,"['0051_POS_049', '0052_POS_073', '0054_POS_089', '0055_POS_105']",5,"['DHBW_OBJ_017', 'DHBW_OBJ_018', 'DHBW_OBJ_020', 'DHBW_OBJ_049', 'DHBW_OBJ_058']","[('0051_POS_049', '0052_POS_073'), ('0051_POS_049', '0054_POS_089'), ('0051_POS_049', '0055_POS_105'), ('0052_POS_073', '0054_POS_089'), ('0052_POS_073', '0055_POS_105'), ('0054_POS_089', '0055_POS_105')]"
G0032,4,False,"['0052_POS_073', '0053_POS_081', '0054_POS_097', '0055_POS_105']",5,"['DHBW_OBJ_015', 'DHBW_OBJ_016', 'DHBW_OBJ_096', 'DHBW_OBJ_097', 'DHBW_OBJ_098']","[('0052_POS_073', '0053_POS_081'), ('0052_POS_073', '0054_POS_097'), ('0052_POS_073', '0055_POS_105'), ('0053_POS_081', '0054_POS_097'), ('0053_POS_081', '0055_POS_105'), ('0054_POS_097', '0055_POS_105')]"
G0033,4,False,"['0052_POS_097', '0053_POS_089', '0054_POS_105', '0055_POS_113']",5,"['DHBW_OBJ_021', 'DHBW_OBJ_022', 'DHBW_OBJ_090', 'DHBW_OBJ_091', 'DHBW_OBJ_092']","[('0052_POS_097', '0053_POS_089'), ('0052_POS_097', '0054_POS_105'), ('0052_POS_097', '0055_POS_113'), ('0053_POS_089', '0054_POS_105'), ('0053_POS_089', '0055_POS_113'), ('0054_POS_105', '0055_POS_113')]"
G0034,4,False,"['0052_POS_097', '0053_POS_105', '0054_POS_105', '0055_POS_113']",5,"['DHBW_OBJ_006', 'DHBW_OBJ_009', 'DHBW_OBJ_081', 'DHBW_OBJ_082', 'DHBW_OBJ_083']","[('0052_POS_097', '0053_POS_105'), ('0052_POS_097', '0054_POS_105'), ('0052_POS_097', '0055_POS_113'), ('0053_POS_105', '0054_POS_105'), ('0053_POS_105', '0055_POS_113'), ('0054_POS_105', '0055_POS_113')]"
G0035,4,False,"['0051_POS_049', '0052_POS_073', '0053_POS_073', '0055_POS_105']",4,"['DHBW_OBJ_017', 'DHBW_OBJ_018', 'DHBW_OBJ_020', 'DHBW_OBJ_058']","[('0051_POS_049', '0052_POS_073'), ('0051_POS_049', '0053_POS_073'), ('0051_POS_049', '0055_POS_105'), ('0052_POS_073', '0053_POS_073'), ('0052_POS_073', '0055_POS_105'), ('0053_POS_073', '0055_POS_105')]"
G0036,4,False,"['0051_POS_049', '0052_POS_073', '0053_POS_080', '0055_POS_105']",4,"['DHBW_OBJ_016', 'DHBW_OBJ_020', 'DHBW_OBJ_049', 'DHBW_OBJ_058']","[('0051_POS_049', '0052_POS_073'), ('0051_POS_049', '0053_POS_080'), ('0051_POS_049', '0055_POS_105'), ('0052_POS_073', '0053_POS_080'), ('0052_POS_073', '0055_POS_105'), ('0053_POS_080', '0055_POS_105')]"
G0037,4,False,"['0051_POS_049', '0052_POS_073', '0053_POS_081', '0054_POS_089']",4,"['DHBW_OBJ_017', 'DHBW_OBJ_018', 'DHBW_OBJ_020', 'DHBW_OBJ_058']","[('0051_POS_049', '0052_POS_073'), ('0051_POS_049', '0053_POS_081'), ('0051_POS_049', '0054_POS_089'), ('0052_POS_073', '0053_POS_081'), ('0052_POS_073', '0054_POS_089'), ('0053_POS_081', '0054_POS_089')]"
G0038,4,False,"['0051_POS_049', '0053_POS_073', '0054_POS_089', '0055_POS_105']",4,"['DHBW_OBJ_017', 'DHBW_OBJ_018', 'DHBW_OBJ_020', 'DHBW_OBJ_058']","[('0051_POS_049', '0053_POS_073'), ('0051_POS_049', '0054_POS_089'), ('0051_POS_049', '0055_POS_105'), ('0053_POS_073', '0054_POS_089'), ('0053_POS_073', '0055_POS_105'), ('0054_POS_089', '0055_POS_105')]"
G0039,4,False,"['0051_POS_049', '0053_POS_081', '0054_POS_089', '0055_POS_105']",4,"['DHBW_OBJ_017', 'DHBW_OBJ_018', 'DHBW_OBJ_020', 'DHBW_OBJ_058']","[('0051_POS_049', '0053_POS_081'), ('0051_POS_049', '0054_POS_089'), ('0051_POS_049', '0055_POS_105'), ('0053_POS_081', '0054_POS_089'), ('0053_POS_081', '0055_POS_105'), ('0054_POS_089', '0055_POS_105')]"
G0040,4,False,"['0051_POS_049', '0053_POS_089', '0054_POS_097', '0055_POS_105']",4,"['DHBW_OBJ_012', 'DHBW_OBJ_013', 'DHBW_OBJ_015', 'DHBW_OBJ_016']","[('0051_POS_049', '0053_POS_089'), ('0051_POS_049', '0054_POS_097'), ('0051_POS_049', '0055_POS_105'), ('0053_POS_089', '0054_POS_097'), ('0053_POS_089', '0055_POS_105'), ('0054_POS_097', '0055_POS_105')]"
G0041,4,False,"['0051_POS_065', '0052_POS_105', '0053_POS_105', '0054_POS_113']",4,"['DHBW_OBJ_001', 'DHBW_OBJ_005', 'DHBW_OBJ_024', 'DHBW_OBJ_025']","[('0051_POS_065', '0052_POS_105'), ('0051_POS_065', '0053_POS_105'), ('0051_POS_065', '0054_POS_113'), ('0052_POS_105', '0053_POS_105'), ('0052_POS_105', '0054_POS_113'), ('0053_POS_105', '0054_POS_113')]"
G0042,4,False,"['0051_POS_065', '0052_POS_105', '0053_POS_105', '0055_POS_113']",4,"['DHBW_OBJ_001', 'DHBW_OBJ_005', 'DHBW_OBJ_024', 'DHBW_OBJ_025']","[('0051_POS_065', '0052_POS_105'), ('0051_POS_065', '0053_POS_105'), ('0051_POS_065', '0055_POS_113'), ('0052_POS_105', '0053_POS_105'), ('0052_POS_105', '0055_POS_113'), ('0053_POS_105', '0055_POS_113')]"
G0043,4,False,"['0051_POS_065', '0052_POS_105', '0054_POS_113', '0055_POS_113']",4,"['DHBW_OBJ_001', 'DHBW_OBJ_005', 'DHBW_OBJ_024', 'DHBW_OBJ_025']","[('0051_POS_065', '0052_POS_105'), ('0051_POS_065', '0054_POS_113'), ('0051_POS_065', '0055_POS_113'), ('0052_POS_105', '0054_POS_113'), ('0052_POS_105', '0055_POS_113'), ('0054_POS_113', '0055_POS_113')]"
G0044,4,False,"['0052_POS_073', '0053_POS_072', '0054_POS_089', '0055_POS_105']",4,"['DHBW_OBJ_020', 'DHBW_OBJ_049', 'DHBW_OBJ_058', 'DHBW_OBJ_109']","[('0052_POS_073', '0053_POS_072'), ('0052_POS_073', '0054_POS_089'), ('0052_POS_073', '0055_POS_105'), ('0053_POS_072', '0054_POS_089'), ('0053_POS_072', '0055_POS_105'), ('0054_POS_089', '0055_POS_105')]"
G0045,4,False,"['0052_POS_073', '0053_POS_073', '0054_POS_089', '0055_POS_105']",4,"['DHBW_OBJ_017', 'DHBW_OBJ_018', 'DHBW_OBJ_020', 'DHBW_OBJ_058']","[('0052_POS_073', '0053_POS_073'), ('0052_POS_073', '0054_POS_089'), ('0052_POS_073', '0055_POS_105'), ('0053_POS_073', '0054_POS_089'), ('0053_POS_073', '0055_POS_105'), ('0054_POS_089', '0055_POS_105')]"
G0046,4,False,"['0052_POS_073', '0053_POS_080', '0054_POS_089', '0055_POS_105']",4,"['DHBW_OBJ_020', 'DHBW_OBJ_049', 'DHBW_OBJ_058', 'DHBW_OBJ_109']","[('0052_POS_073', '0053_POS_080'), ('0052_POS_073', '0054_POS_089'), ('0052_POS_073', '0055_POS_105'), ('0053_POS_080', '0054_POS_089'), ('0053_POS_080', '0055_POS_105'), ('0054_POS_089', '0055_POS_105')]"
G0047,4,False,"['0052_POS_073', '0053_POS_080', '0054_POS_097', '0055_POS_105']",4,"['DHBW_OBJ_016', 'DHBW_OBJ_098', 'DHBW_OBJ_107', 'DHBW_OBJ_109']","[('0052_POS_073', '0053_POS_080'), ('0052_POS_073', '0054_POS_097'), ('0052_POS_073', '0055_POS_105'), ('0053_POS_080', '0054_POS_097'), ('0053_POS_080', '0055_POS_105'), ('0054_POS_097', '0055_POS_105')]"
G0048,4,False,"['0052_POS_073', '0053_POS_081', '0054_POS_089', '0055_POS_105']",4,"['DHBW_OBJ_017', 'DHBW_OBJ_018', 'DHBW_OBJ_020', 'DHBW_OBJ_058']","[('0052_POS_073', '0053_POS_081'), ('0052_POS_073', '0054_POS_089'), ('0052_POS_073', '0055_POS_105'), ('0053_POS_081', '0054_POS_089'), ('0053_POS_081', '0055_POS_105'), ('0054_POS_089', '0055_POS_105')]"
G0049,4,False,"['0052_POS_073', '0053_POS_089', '0054_POS_097', '0055_POS_105']",4,"['DHBW_OBJ_015', 'DHBW_OBJ_016', 'DHBW_OBJ_097', 'DHBW_OBJ_098']","[('0052_POS_073', '0053_POS_089'), ('0052_POS_073', '0054_POS_097'), ('0052_POS_073', '0055_POS_105'), ('0053_POS_089', '0054_POS_097'), ('0053_POS_089', '0055_POS_105'), ('0054_POS_097', '0055_POS_105')]"
G0050,4,False,"['0052_POS_089', '0053_POS_088', '0054_POS_105', '0055_POS_113']",4,"['DHBW_OBJ_012', 'DHBW_OBJ_021', 'DHBW_OBJ_061', 'DHBW_OBJ_086']","[('0052_POS_089', '0053_POS_088'), ('0052_POS_089', '0054_POS_105'), ('0052_POS_089', '0055_POS_113'), ('0053_POS_088', '0054_POS_105'), ('0053_POS_088', '0055_POS_113'), ('0054_POS_105', '0055_POS_113')]"
G0051,4,False,"['0052_POS_089', '0053_POS_089', '0054_POS_097', '0055_POS_105']",4,"['DHBW_OBJ_012', 'DHBW_OBJ_013', 'DHBW_OBJ_085', 'DHBW_OBJ_086']","[('0052_POS_089', '0053_POS_089'), ('0052_POS_089', '0054_POS_097'), ('0052_POS_089', '0055_POS_105'), ('0053_POS_089', '0054_POS_097'), ('0053_POS_089', '0055_POS_105'), ('0054_POS_097', '0055_POS_105')]"
G0052,4,False,"['0052_POS_089', '0053_POS_089', '0054_POS_097', '0055_POS_113']",4,"['DHBW_OBJ_012', 'DHBW_OBJ_013', 'DHBW_OBJ_085', 'DHBW_OBJ_086']","[('0052_POS_089', '0053_POS_089'), ('0052_POS_089', '0054_POS_097'), ('0052_POS_089', '0055_POS_113'), ('0053_POS_089', '0054_POS_097'), ('0053_POS_089', '0055_POS_113'), ('0054_POS_097', '0055_POS_113')]"
G0053,4,False,"['0052_POS_089', '0053_POS_089', '0054_POS_105', '0055_POS_105']",4,"['DHBW_OBJ_012', 'DHBW_OBJ_013', 'DHBW_OBJ_085', 'DHBW_OBJ_086']","[('0052_POS_089', '0053_POS_089'), ('0052_POS_089', '0054_POS_105'), ('0052_POS_089', '0055_POS_105'), ('0053_POS_089', '0054_POS_105'), ('0053_POS_089', '0055_POS_105'), ('0054_POS_105', '0055_POS_105')]"
G0054,4,False,"['0052_POS_089', '0053_POS_089', '0054_POS_113', '0055_POS_113']",4,"['DHBW_OBJ_022', 'DHBW_OBJ_090', 'DHBW_OBJ_091', 'DHBW_OBJ_092']","[('0052_POS_089', '0053_POS_089'), ('0052_POS_089', '0054_POS_113'), ('0052_POS_089', '0055_POS_113'), ('0053_POS_089', '0054_POS_113'), ('0053_POS_089', '0055_POS_113'), ('0054_POS_113', '0055_POS_113')]"
G0055,4,False,"['0052_POS_097', '0053_POS_089', '0054_POS_113', '0055_POS_113']",4,"['DHBW_OBJ_022', 'DHBW_OBJ_090', 'DHBW_OBJ_091', 'DHBW_OBJ_092']","[('0052_POS_097', '0053_POS_089'), ('0052_POS_097', '0054_POS_113'), ('0052_POS_097', '0055_POS_113'), ('0053_POS_089', '0054_POS_113'), ('0053_POS_089', '0055_POS_113'), ('0054_POS_113', '0055_POS_113')]"
G0056,3,False,"['0052_POS_105', '0053_POS_105', '0054_POS_113']",30,"['DHBW_OBJ_001', 'DHBW_OBJ_005', 'DHBW_OBJ_024', 'DHBW_OBJ_025', 'DHBW_OBJ_026', 'DHBW_OBJ_027', 'DHBW_OBJ_028', 'DHBW_OBJ_029', 'DHBW_OBJ_030', 'DHBW_OBJ_031', 'DHBW_OBJ_032', 'DHBW_OBJ_033', 'DHBW_OBJ_034', 'DHBW_OBJ_037', 'DHBW_OBJ_038', 'DHBW_OBJ_039', 'DHBW_OBJ_040', 'DHBW_OBJ_041', 'DHBW_OBJ_042', 'DHBW_OBJ_043', 'DHBW_OBJ_044', 'DHBW_OBJ_045', 'DHBW_OBJ_046', 'DHBW_OBJ_077', 'DHBW_OBJ_078', 'DHBW_OBJ_079', 'DHBW_OBJ_080', 'DHBW_OBJ_081', 'DHBW_OBJ_082', 'DHBW_OBJ_083']","[('0052_POS_105', '0053_POS_105'), ('0052_POS_105', '0054_POS_113'), ('0053_POS_105', '0054_POS_113')]"
G0057,3,False,"['0051_POS_073', '0052_POS_105', '0053_POS_105']",25,"['DHBW_OBJ_001', 'DHBW_OBJ_024', 'DHBW_OBJ_025', 'DHBW_OBJ_026', 'DHBW_OBJ_027', 'DHBW_OBJ_028', 'DHBW_OBJ_029', 'DHBW_OBJ_030', 'DHBW_OBJ_031', 'DHBW_OBJ_032', 'DHBW_OBJ_033', 'DHBW_OBJ_034', 'DHBW_OBJ_035', 'DHBW_OBJ_036', 'DHBW_OBJ_037', 'DHBW_OBJ_038', 'DHBW_OBJ_039', 'DHBW_OBJ_040', 'DHBW_OBJ_041', 'DHBW_OBJ_042', 'DHBW_OBJ_043', 'DHBW_OBJ_044', 'DHBW_OBJ_045', 'DHBW_OBJ_046', 'DHBW_OBJ_047']","[('0051_POS_073', '0052_POS_105'), ('0051_POS_073', '0053_POS_105'), ('0052_POS_105', '0053_POS_105')]"
G0058,3,False,"['0051_POS_073', '0052_POS_105', '0054_POS_113']",22,"['DHBW_OBJ_001', 'DHBW_OBJ_024', 'DHBW_OBJ_025', 'DHBW_OBJ_026', 'DHBW_OBJ_027', 'DHBW_OBJ_028', 'DHBW_OBJ_029', 'DHBW_OBJ_030', 'DHBW_OBJ_031', 'DHBW_OBJ_032', 'DHBW_OBJ_033', 'DHBW_OBJ_034', 'DHBW_OBJ_037', 'DHBW_OBJ_038', 'DHBW_OBJ_039', 'DHBW_OBJ_040', 'DHBW_OBJ_041', 'DHBW_OBJ_042', 'DHBW_OBJ_043', 'DHBW_OBJ_044', 'DHBW_OBJ_045', 'DHBW_OBJ_046']","[('0051_POS_073', '0052_POS_105'), ('0051_POS_073', '0054_POS_113'), ('0052_POS_105', '0054_POS_113')]"
G0059,3,False,"['0051_POS_073', '0053_POS_105', '0054_POS_113']",22,"['DHBW_OBJ_001', 'DHBW_OBJ_024', 'DHBW_OBJ_025', 'DHBW_OBJ_026', 'DHBW_OBJ_027', 'DHBW_OBJ_028', 'DHBW_OBJ_029', 'DHBW_OBJ_030', 'DHBW_OBJ_031', 'DHBW_OBJ_032', 'DHBW_OBJ_033', 'DHBW_OBJ_034', 'DHBW_OBJ_037', 'DHBW_OBJ_038', 'DHBW_OBJ_039', 'DHBW_OBJ_040', 'DHBW_OBJ_041', 'DHBW_OBJ_042', 'DHBW_OBJ_043', 'DHBW_OBJ_044', 'DHBW_OBJ_045', 'DHBW_OBJ_046']","[('0051_POS_073', '0053_POS_105'), ('0051_POS_073', '0054_POS_113'), ('0053_POS_105', '0054_POS_113')]"
G0060,3,False,"['0052_POS_097', '0054_POS_113', '0055_POS_113']",17,"['DHBW_OBJ_001', 'DHBW_OBJ_005', 'DHBW_OBJ_006', 'DHBW_OBJ_009', 'DHBW_OBJ_022', 'DHBW_OBJ_024', 'DHBW_OBJ_025', 'DHBW_OBJ_077', 'DHBW_OBJ_078', 'DHBW_OBJ_080', 'DHBW_OBJ_081', 'DHBW_OBJ_082', 'DHBW_OBJ_083', 'DHBW_OBJ_084', 'DHBW_OBJ_090', 'DHBW_OBJ_091', 'DHBW_OBJ_092']","[('0052_POS_097', '0054_POS_113'), ('0052_POS_097', '0055_POS_113'), ('0054_POS_113', '0055_POS_113')]"
G0061,3,False,"['0053_POS_057', '0054_POS_073', '0055_POS_081']",15,"['DHBW_OBJ_063', 'DHBW_OBJ_064', 'DHBW_OBJ_065', 'DHBW_OBJ_066', 'DHBW_OBJ_067', 'DHBW_OBJ_068', 'DHBW_OBJ_069', 'DHBW_OBJ_072', 'DHBW_OBJ_073', 'DHBW_OBJ_076', 'DHBW_OBJ_113', 'DHBW_OBJ_114', 'DHBW_OBJ_115', 'DHBW_OBJ_116', 'DHBW_OBJ_117']","[('0053_POS_057', '0054_POS_073'), ('0053_POS_057', '0055_POS_081'), ('0054_POS_073', '0055_POS_081')]"
G0062,3,False,"['0053_POS_105', '0054_POS_113', '0055_POS_113']",15,"['DHBW_OBJ_001', 'DHBW_OBJ_005', 'DHBW_OBJ_006', 'DHBW_OBJ_009', 'DHBW_OBJ_024', 'DHBW_OBJ_025', 'DHBW_OBJ_034', 'DHBW_OBJ_037', 'DHBW_OBJ_046', 'DHBW_OBJ_077', 'DHBW_OBJ_078', 'DHBW_OBJ_080', 'DHBW_OBJ_081', 'DHBW_OBJ_082', 'DHBW_OBJ_083']","[('0053_POS_105', '0054_POS_113'), ('0053_POS_105', '0055_POS_113'), ('0054_POS_113', '0055_POS_113')]"
G0063,3,False,"['0052_POS_057', '0053_POS_057', '0054_POS_073']",13,"['DHBW_OBJ_063', 'DHBW_OBJ_064', 'DHBW_OBJ_065', 'DHBW_OBJ_066', 'DHBW_OBJ_067', 'DHBW_OBJ_068', 'DHBW_OBJ_069', 'DHBW_OBJ_071', 'DHBW_OBJ_072', 'DHBW_OBJ_073', 'DHBW_OBJ_113', 'DHBW_OBJ_114', 'DHBW_OBJ_115']","[('0052_POS_057', '0053_POS_057'), ('0052_POS_057', '0054_POS_073'), ('0053_POS_057', '0054_POS_073')]"
G0064,3,False,"['0052_POS_097', '0053_POS_105', '0054_POS_113']",13,"['DHBW_OBJ_001', 'DHBW_OBJ_005', 'DHBW_OBJ_006', 'DHBW_OBJ_009', 'DHBW_OBJ_024', 'DHBW_OBJ_025', 'DHBW_OBJ_077', 'DHBW_OBJ_078', 'DHBW_OBJ_079', 'DHBW_OBJ_080', 'DHBW_OBJ_081', 'DHBW_OBJ_082', 'DHBW_OBJ_083']","[('0052_POS_097', '0053_POS_105'), ('0052_POS_097', '0054_POS_113'), ('0053_POS_105', '0054_POS_113')]"
G0065,3,False,"['0052_POS_105', '0053_POS_105', '0055_POS_113']",13,"['DHBW_OBJ_001', 'DHBW_OBJ_005', 'DHBW_OBJ_024', 'DHBW_OBJ_025', 'DHBW_OBJ_034', 'DHBW_OBJ_037', 'DHBW_OBJ_046', 'DHBW_OBJ_077', 'DHBW_OBJ_078', 'DHBW_OBJ_080', 'DHBW_OBJ_081', 'DHBW_OBJ_082', 'DHBW_OBJ_083']","[('0052_POS_105', '0053_POS_105'), ('0052_POS_105', '0055_POS_113'), ('0053_POS_105', '0055_POS_113')]"
G0066,3,False,"['0052_POS_105', '0054_POS_113', '0055_POS_113']",13,"['DHBW_OBJ_001', 'DHBW_OBJ_005', 'DHBW_OBJ_024', 'DHBW_OBJ_025', 'DHBW_OBJ_034', 'DHBW_OBJ_037', 'DHBW_OBJ_046', 'DHBW_OBJ_077', 'DHBW_OBJ_078', 'DHBW_OBJ_080', 'DHBW_OBJ_081', 'DHBW_OBJ_082', 'DHBW_OBJ_083']","[('0052_POS_105', '0054_POS_113'), ('0052_POS_105', '0055_POS_113'), ('0054_POS_113', '0055_POS_113')]"
G0067,3,False,"['0053_POS_089', '0054_POS_105', '0055_POS_113']",13,"['DHBW_OBJ_012', 'DHBW_OBJ_013', 'DHBW_OBJ_021', 'DHBW_OBJ_022', 'DHBW_OBJ_085', 'DHBW_OBJ_086', 'DHBW_OBJ_090', 'DHBW_OBJ_091', 'DHBW_OBJ_092', 'DHBW_OBJ_097', 'DHBW_OBJ_098', 'DHBW_OBJ_125', 'DHBW_OBJ_126']","[('0053_POS_089', '0054_POS_105'), ('0053_POS_089', '0055_POS_113'), ('0054_POS_105', '0055_POS_113')]"
G0068,3,False,"['0051_POS_041', '0052_POS_057', '0054_POS_073']",12,"['DHBW_OBJ_062', 'DHBW_OBJ_063', 'DHBW_OBJ_064', 'DHBW_OBJ_065', 'DHBW_OBJ_066', 'DHBW_OBJ_067', 'DHBW_OBJ_068', 'DHBW_OBJ_069', 'DHBW_OBJ_070', 'DHBW_OBJ_071', 'DHBW_OBJ_072', 'DHBW_OBJ_073']","[('0051_POS_041', '0052_POS_057'), ('0051_POS_041', '0054_POS_073'), ('0052_POS_057', '0054_POS_073')]"
G0069,3,False,"['0052_POS_057', '0053_POS_057', '0055_POS_081']",12,"['DHBW_OBJ_063', 'DHBW_OBJ_064', 'DHBW_OBJ_065', 'DHBW_OBJ_066', 'DHBW_OBJ_067', 'DHBW_OBJ_068', 'DHBW_OBJ_069', 'DHBW_OBJ_072', 'DHBW_OBJ_073', 'DHBW_OBJ_113', 'DHBW_OBJ_114', 'DHBW_OBJ_115']","[('0052_POS_057', '0053_POS_057'), ('0052_POS_057', '0055_POS_081'), ('0053_POS_057', '0055_POS_081')]"
G0070,3,False,"['0052_POS_057', '0054_POS_073', '0055_POS_081']",12,"['DHBW_OBJ_063', 'DHBW_OBJ_064', 'DHBW_OBJ_065', 'DHBW_OBJ_066', 'DHBW_OBJ_067', 'DHBW_OBJ_068', 'DHBW_OBJ_069', 'DHBW_OBJ_072', 'DHBW_OBJ_073', 'DHBW_OBJ_113', 'DHBW_OBJ_114', 'DHBW_OBJ_115']","[('0052_POS_057', '0054_POS_073'), ('0052_POS_057', '0055_POS_081'), ('0054_POS_073', '0055_POS_081')]"
G0071,3,False,"['0052_POS_089', '0053_POS_089', '0054_POS_105']",12,"['DHBW_OBJ_012', 'DHBW_OBJ_013', 'DHBW_OBJ_014', 'DHBW_OBJ_021', 'DHBW_OBJ_022', 'DHBW_OBJ_085', 'DHBW_OBJ_086', 'DHBW_OBJ_087', 'DHBW_OBJ_090', 'DHBW_OBJ_091', 'DHBW_OBJ_092', 'DHBW_OBJ_093']","[('0052_POS_089', '0053_POS_089'), ('0052_POS_089', '0054_POS_105'), ('0053_POS_089', '0054_POS_105')]"
G0072,3,False,"['0052_POS_097', '0053_POS_105', '0055_POS_113']",12,"['DHBW_OBJ_001', 'DHBW_OBJ_005', 'DHBW_OBJ_006', 'DHBW_OBJ_009', 'DHBW_OBJ_024', 'DHBW_OBJ_025', 'DHBW_OBJ_077', 'DHBW_OBJ_078', 'DHBW_OBJ_080', 'DHBW_OBJ_081', 'DHBW_OBJ_082', 'DHBW_OBJ_083']","[('0052_POS_097', '0053_POS_105'), ('0052_POS_097', '0055_POS_113'), ('0053_POS_105', '0055_POS_113')]"
G0073,3,False,"['0051_POS_041', '0053_POS_057', '0054_POS_073']",11,"['DHBW_OBJ_063', 'DHBW_OBJ_064', 'DHBW_OBJ_065', 'DHBW_OBJ_066', 'DHBW_OBJ_067', 'DHBW_OBJ_068', 'DHBW_OBJ_069', 'DHBW_OBJ_071', 'DHBW_OBJ_072', 'DHBW_OBJ_073', 'DHBW_OBJ_076']","[('0051_POS_041', '0053_POS_057'), ('0051_POS_041', '0054_POS_073'), ('0053_POS_057', '0054_POS_073')]"
G0074,3,False,"['0051_POS_049', '0052_POS_073', '0053_POS_081']",11,"['DHBW_OBJ_015', 'DHBW_OBJ_016', 'DHBW_OBJ_017', 'DHBW_OBJ_018', 'DHBW_OBJ_019', 'DHBW_OBJ_020', 'DHBW_OBJ_050', 'DHBW_OBJ_051', 'DHBW_OBJ_052', 'DHBW_OBJ_053', 'DHBW_OBJ_058']","[('0051_POS_049', '0052_POS_073'), ('0051_POS_049', '0053_POS_081'), ('0052_POS_073', '0053_POS_081')]"
G0075,3,False,"['0052_POS_097', '0054_POS_105', '0055_POS_113']",11,"['DHBW_OBJ_006', 'DHBW_OBJ_009', 'DHBW_OBJ_021', 'DHBW_OBJ_022', 'DHBW_OBJ_081', 'DHBW_OBJ_082', 'DHBW_OBJ_083', 'DHBW_OBJ_084', 'DHBW_OBJ_090', 'DHBW_OBJ_091', 'DHBW_OBJ_092']","[('0052_POS_097', '0054_POS_105'), ('0052_POS_097', '0055_POS_113'), ('0054_POS_105', '0055_POS_113')]"
G0076,3,False,"['0051_POS_041', '0052_POS_057', '0053_POS_057']",10,"['DHBW_OBJ_063', 'DHBW_OBJ_064', 'DHBW_OBJ_065', 'DHBW_OBJ_066', 'DHBW_OBJ_067', 'DHBW_OBJ_068', 'DHBW_OBJ_069', 'DHBW_OBJ_071', 'DHBW_OBJ_072', 'DHBW_OBJ_073']","[('0051_POS_041', '0052_POS_057'), ('0051_POS_041', '0053_POS_057'), ('0052_POS_057', '0053_POS_057')]"
G0077,3,False,"['0051_POS_041', '0053_POS_057', '0055_POS_081']",10,"['DHBW_OBJ_063', 'DHBW_OBJ_064', 'DHBW_OBJ_065', 'DHBW_OBJ_066', 'DHBW_OBJ_067', 'DHBW_OBJ_068', 'DHBW_OBJ_069', 'DHBW_OBJ_072', 'DHBW_OBJ_073', 'DHBW_OBJ_076']","[('0051_POS_041', '0053_POS_057'), ('0051_POS_041', '0055_POS_081'), ('0053_POS_057', '0055_POS_081')]"
G0078,3,False,"['0051_POS_041', '0053_POS_065', '0054_POS_073']",10,"['DHBW_OBJ_062', 'DHBW_OBJ_066', 'DHBW_OBJ_067', 'DHBW_OBJ_068', 'DHBW_OBJ_069', 'DHBW_OBJ_070', 'DHBW_OBJ_071', 'DHBW_OBJ_072', 'DHBW_OBJ_073', 'DHBW_OBJ_076']","[('0051_POS_041', '0053_POS_065'), ('0051_POS_041', '0054_POS_073'), ('0053_POS_065', '0054_POS_073')]"
G0079,3,False,"['0051_POS_041', '0054_POS_073', '0055_POS_081']",10,"['DHBW_OBJ_063', 'DHBW_OBJ_064', 'DHBW_OBJ_065', 'DHBW_OBJ_066', 'DHBW_OBJ_067', 'DHBW_OBJ_068', 'DHBW_OBJ_069', 'DHBW_OBJ_072', 'DHBW_OBJ_073', 'DHBW_OBJ_076']","[('0051_POS_041', '0054_POS_073'), ('0051_POS_041', '0055_POS_081'), ('0054_POS_073', '0055_POS_081')]"
G0080,3,False,"['0052_POS_057', '0053_POS_065', '0054_POS_073']",10,"['DHBW_OBJ_062', 'DHBW_OBJ_066', 'DHBW_OBJ_067', 'DHBW_OBJ_068', 'DHBW_OBJ_069', 'DHBW_OBJ_070', 'DHBW_OBJ_071', 'DHBW_OBJ_072', 'DHBW_OBJ_073', 'DHBW_OBJ_113']","[('0052_POS_057', '0053_POS_065'), ('0052_POS_057', '0054_POS_073'), ('0053_POS_065', '0054_POS_073')]"
G0081,3,False,"['0052_POS_089', '0054_POS_105', '0055_POS_113']",10,"['DHBW_OBJ_012', 'DHBW_OBJ_013', 'DHBW_OBJ_021', 'DHBW_OBJ_022', 'DHBW_OBJ_061', 'DHBW_OBJ_085', 'DHBW_OBJ_086', 'DHBW_OBJ_090', 'DHBW_OBJ_091', 'DHBW_OBJ_092']","[('0052_POS_089', '0054_POS_105'), ('0052_POS_089', '0055_POS_113'), ('0054_POS_105', '0055_POS_113')]"
G0082,3,False,"['0053_POS_065', '0054_POS_073', '0055_POS_089']",10,"['DHBW_OBJ_062', 'DHBW_OBJ_066', 'DHBW_OBJ_067', 'DHBW_OBJ_068', 'DHBW_OBJ_069', 'DHBW_OBJ_070', 'DHBW_OBJ_072', 'DHBW_OBJ_073', 'DHBW_OBJ_076', 'DHBW_OBJ_117']","[('0053_POS_065', '0054_POS_073'), ('0053_POS_065', '0055_POS_089'), ('0054_POS_073', '0055_POS_089')]"
G0083,3,False,"['0053_POS_089', '0054_POS_097', '0055_POS_105']",10,"['DHBW_OBJ_012', 'DHBW_OBJ_013', 'DHBW_OBJ_015', 'DHBW_OBJ_016', 'DHBW_OBJ_085', 'DHBW_OBJ_086', 'DHBW_OBJ_097', 'DHBW_OBJ_098', 'DHBW_OBJ_125', 'DHBW_OBJ_126']","[('0053_POS_089', '0054_POS_097'), ('0053_POS_089', '0055_POS_105'), ('0054_POS_097', '0055_POS_105')]"
G0084,3,False,"['0051_POS_041', '0052_POS_057', '0053_POS_065']",9,"['DHBW_OBJ_062', 'DHBW_OBJ_066', 'DHBW_OBJ_067', 'DHBW_OBJ_068', 'DHBW_OBJ_069', 'DHBW_OBJ_070', 'DHBW_OBJ_071', 'DHBW_OBJ_072', 'DHBW_OBJ_073']","[('0051_POS_041', '0052_POS_057'), ('0051_POS_041', '0053_POS_065'), ('0052_POS_057', '0053_POS_065')]"
G0085,3,False,"['0051_POS_041', '0052_POS_057', '0055_POS_081']",9,"['DHBW_OBJ_063', 'DHBW_OBJ_064', 'DHBW_OBJ_065', 'DHBW_OBJ_066', 'DHBW_OBJ_067', 'DHBW_OBJ_068', 'DHBW_OBJ_069', 'DHBW_OBJ_072', 'DHBW_OBJ_073']","[('0051_POS_041', '0052_POS_057'), ('0051_POS_041', '0055_POS_081'), ('0052_POS_057', '0055_POS_081')]"
G0086,3,False,"['0051_POS_041', '0053_POS_065', '0055_POS_089']",9,"['DHBW_OBJ_062', 'DHBW_OBJ_066', 'DHBW_OBJ_067', 'DHBW_OBJ_068', 'DHBW_OBJ_069', 'DHBW_OBJ_070', 'DHBW_OBJ_072', 'DHBW_OBJ_073', 'DHBW_OBJ_076']","[('0051_POS_041', '0053_POS_065'), ('0051_POS_041', '0055_POS_089'), ('0053_POS_065', '0055_POS_089')]"
G0087,3,False,"['0051_POS_041', '0054_POS_073', '0055_POS_089']",9,"['DHBW_OBJ_062', 'DHBW_OBJ_066', 'DHBW_OBJ_067', 'DHBW_OBJ_068', 'DHBW_OBJ_069', 'DHBW_OBJ_070', 'DHBW_OBJ_072', 'DHBW_OBJ_073', 'DHBW_OBJ_076']","[('0051_POS_041', '0054_POS_073'), ('0051_POS_041', '0055_POS_089'), ('0054_POS_073', '0055_POS_089')]"
G0088,3,False,"['0052_POS_073', '0053_POS_072', '0054_POS_089']",9,"['DHBW_OBJ_020', 'DHBW_OBJ_049', 'DHBW_OBJ_054', 'DHBW_OBJ_055', 'DHBW_OBJ_056', 'DHBW_OBJ_058', 'DHBW_OBJ_106', 'DHBW_OBJ_109', 'DHBW_OBJ_111']","[('0052_POS_073', '0053_POS_072'), ('0052_POS_073', '0054_POS_089'), ('0053_POS_072', '0054_POS_089')]"
G0089,3,False,"['0052_POS_073', '0053_POS_073', '0054_POS_089']",9,"['DHBW_OBJ_017', 'DHBW_OBJ_018', 'DHBW_OBJ_020', 'DHBW_OBJ_054', 'DHBW_OBJ_055', 'DHBW_OBJ_058', 'DHBW_OBJ_104', 'DHBW_OBJ_105', 'DHBW_OBJ_106']","[('0052_POS_073', '0053_POS_073'), ('0052_POS_073', '0054_POS_089'), ('0053_POS_073', '0054_POS_089')]"
G0090,3,False,"['0052_POS_073', '0053_POS_081', '0055_POS_105']",9,"['DHBW_OBJ_015', 'DHBW_OBJ_016', 'DHBW_OBJ_017', 'DHBW_OBJ_018', 'DHBW_OBJ_020', 'DHBW_OBJ_058', 'DHBW_OBJ_096', 'DHBW_OBJ_097', 'DHBW_OBJ_098']","[('0052_POS_073', '0053_POS_081'), ('0052_POS_073', '0055_POS_105'), ('0053_POS_081', '0055_POS_105')]"
G0091,3,False,"['0052_POS_089', '0053_POS_089', '0055_POS_113']",9,"['DHBW_OBJ_012', 'DHBW_OBJ_013', 'DHBW_OBJ_021', 'DHBW_OBJ_022', 'DHBW_OBJ_085', 'DHBW_OBJ_086', 'DHBW_OBJ_090', 'DHBW_OBJ_091', 'DHBW_OBJ_092']","[('0052_POS_089', '0053_POS_089'), ('0052_POS_089', '0055_POS_113'), ('0053_POS_089', '0055_POS_113')]"
G0092,3,False,"['0053_POS_065', '0054_POS_073', '0055_POS_081']",9,"['DHBW_OBJ_066', 'DHBW_OBJ_067', 'DHBW_OBJ_068', 'DHBW_OBJ_069', 'DHBW_OBJ_072', 'DHBW_OBJ_073', 'DHBW_OBJ_076', 'DHBW_OBJ_113', 'DHBW_OBJ_117']","[('0053_POS_065', '0054_POS_073'), ('0053_POS_065', '0055_POS_081'), ('0054_POS_073', '0055_POS_081')]"
G0093,3,False,"['0051_POS_041', '0052_POS_057', '0055_POS_089']",8,"['DHBW_OBJ_062', 'DHBW_OBJ_066', 'DHBW_OBJ_067', 'DHBW_OBJ_068', 'DHBW_OBJ_069', 'DHBW_OBJ_070', 'DHBW_OBJ_072', 'DHBW_OBJ_073']","[('0051_POS_041', '0052_POS_057'), ('0051_POS_041', '0055_POS_089'), ('0052_POS_057', '0055_POS_089')]"
G0094,3,False,"['0051_POS_049', '0052_POS_073', '0053_POS_073']",8,"['DHBW_OBJ_017', 'DHBW_OBJ_018', 'DHBW_OBJ_019', 'DHBW_OBJ_020', 'DHBW_OBJ_053', 'DHBW_OBJ_054', 'DHBW_OBJ_055', 'DHBW_OBJ_058']","[('0051_POS_049', '0052_POS_073'), ('0051_POS_049', '0053_POS_073'), ('0052_POS_073', '0053_POS_073')]"
G0095,3,False,"['0051_POS_049', '0052_POS_073', '0054_POS_089']",8,"['DHBW_OBJ_017', 'DHBW_OBJ_018', 'DHBW_OBJ_020', 'DHBW_OBJ_049', 'DHBW_OBJ_054', 'DHBW_OBJ_055', 'DHBW_OBJ_056', 'DHBW_OBJ_058']","[('0051_POS_049', '0052_POS_073'), ('0051_POS_049', '0054_POS_089'), ('0052_POS_073', '0054_POS_089')]"
G0096,3,False,"['0051_POS_049', '0053_POS_073', '0054_POS_089']",8,"['DHBW_OBJ_017', 'DHBW_OBJ_018', 'DHBW_OBJ_020', 'DHBW_OBJ_054', 'DHBW_OBJ_055', 'DHBW_OBJ_058', 'DHBW_OBJ_074', 'DHBW_OBJ_075']","[('0051_POS_049', '0053_POS_073'), ('0051_POS_049', '0054_POS_089'), ('0053_POS_073', '0054_POS_089')]"
G0097,3,False,"['0052_POS_057', '0053_POS_065', '0055_POS_089']",8,"['DHBW_OBJ_062', 'DHBW_OBJ_066', 'DHBW_OBJ_067', 'DHBW_OBJ_068', 'DHBW_OBJ_069', 'DHBW_OBJ_070', 'DHBW_OBJ_072', 'DHBW_OBJ_073']","[('0052_POS_057', '0053_POS_065'), ('0052_POS_057', '0055_POS_089'), ('0053_POS_065', '0055_POS_089')]"
G0098,3,False,"['0052_POS_057', '0054_POS_073', '0055_POS_089']",8,"['DHBW_OBJ_062', 'DHBW_OBJ_066', 'DHBW_OBJ_067', 'DHBW_OBJ_068', 'DHBW_OBJ_069', 'DHBW_OBJ_070', 'DHBW_OBJ_072', 'DHBW_OBJ_073']","[('0052_POS_057', '0054_POS_073'), ('0052_POS_057', '0055_POS_089'), ('0054_POS_073', '0055_POS_089')]"
G0099,3,False,"['0053_POS_057', '0054_POS_073', '0055_POS_089']",8,"['DHBW_OBJ_066', 'DHBW_OBJ_067', 'DHBW_OBJ_068', 'DHBW_OBJ_069', 'DHBW_OBJ_072', 'DHBW_OBJ_073', 'DHBW_OBJ_076', 'DHBW_OBJ_117']","[('0053_POS_057', '0054_POS_073'), ('0053_POS_057', '0055_POS_089'), ('0054_POS_073', '0055_POS_089')]"
G0100,3,False,"['0053_POS_089', '0054_POS_097', '0055_POS_113']",8,"['DHBW_OBJ_012', 'DHBW_OBJ_013', 'DHBW_OBJ_085', 'DHBW_OBJ_086', 'DHBW_OBJ_097', 'DHBW_OBJ_098', 'DHBW_OBJ_125', 'DHBW_OBJ_126']","[('0053_POS_089', '0054_POS_097'), ('0053_POS_089', '0055_POS_113'), ('0054_POS_097', '0055_POS_113')]"
G0101,3,False,"['0053_POS_089', '0054_POS_105', '0055_POS_105']",8,"['DHBW_OBJ_012', 'DHBW_OBJ_013', 'DHBW_OBJ_085', 'DHBW_OBJ_086', 'DHBW_OBJ_097', 'DHBW_OBJ_098', 'DHBW_OBJ_125', 'DHBW_OBJ_126']","[('0053_POS_089', '0054_POS_105'), ('0053_POS_089', '0055_POS_105'), ('0054_POS_105', '0055_POS_105')]"
G0102,3,False,"['0051_POS_041', '0053_POS_057', '0055_POS_089']",7,"['DHBW_OBJ_066', 'DHBW_OBJ_067', 'DHBW_OBJ_068', 'DHBW_OBJ_069', 'DHBW_OBJ_072', 'DHBW_OBJ_073', 'DHBW_OBJ_076']","[('0051_POS_041', '0053_POS_057'), ('0051_POS_041', '0055_POS_089'), ('0053_POS_057', '0055_POS_089')]"
G0103,3,False,"['0051_POS_041', '0053_POS_065', '0055_POS_081']",7,"['DHBW_OBJ_066', 'DHBW_OBJ_067', 'DHBW_OBJ_068', 'DHBW_OBJ_069', 'DHBW_OBJ_072', 'DHBW_OBJ_073', 'DHBW_OBJ_076']","[('0051_POS_041', '0053_POS_065'), ('0051_POS_041', '0055_POS_081'), ('0053_POS_065', '0055_POS_081')]"
G0104,3,False,"['0051_POS_049', '0052_POS_073', '0053_POS_072']",7,"['DHBW_OBJ_019', 'DHBW_OBJ_020', 'DHBW_OBJ_049', 'DHBW_OBJ_054', 'DHBW_OBJ_055', 'DHBW_OBJ_056', 'DHBW_OBJ_058']","[('0051_POS_049', '0052_POS_073'), ('0051_POS_049', '0053_POS_072'), ('0052_POS_073', '0053_POS_072')]"
G0105,3,False,"['0051_POS_049', '0052_POS_073', '0053_POS_080']",7,"['DHBW_OBJ_016', 'DHBW_OBJ_019', 'DHBW_OBJ_020', 'DHBW_OBJ_049', 'DHBW_OBJ_052', 'DHBW_OBJ_057', 'DHBW_OBJ_058']","[('0051_POS_049', '0052_POS_073'), ('0051_POS_049', '0053_POS_080'), ('0052_POS_073', '0053_POS_080')]"
G0106,3,False,"['0051_POS_049', '0052_POS_073', '0055_POS_105']",7,"['DHBW_OBJ_015', 'DHBW_OBJ_016', 'DHBW_OBJ_017', 'DHBW_OBJ_018', 'DHBW_OBJ_020', 'DHBW_OBJ_049', 'DHBW_OBJ_058']","[('0051_POS_049', '0052_POS_073'), ('0051_POS_049', '0055_POS_105'), ('0052_POS_073', '0055_POS_105')]"
G0107,3,False,"['0051_POS_049', '0053_POS_072', '0054_POS_089']",7,"['DHBW_OBJ_020', 'DHBW_OBJ_049', 'DHBW_OBJ_054', 'DHBW_OBJ_055', 'DHBW_OBJ_056', 'DHBW_OBJ_058', 'DHBW_OBJ_075']","[('0051_POS_049', '0053_POS_072'), ('0051_POS_049', '0054_POS_089'), ('0053_POS_072', '0054_POS_089')]"
G0108,3,False,"['0051_POS_065', '0052_POS_097', '0053_POS_105']",7,"['DHBW_OBJ_001', 'DHBW_OBJ_005', 'DHBW_OBJ_006', 'DHBW_OBJ_007', 'DHBW_OBJ_009', 'DHBW_OBJ_024', 'DHBW_OBJ_025']","[('0051_POS_065', '0052_POS_097'), ('0051_POS_065', '0053_POS_105'), ('0052_POS_097', '0053_POS_105')]"
G0109,3,False,"['0052_POS_057', '0053_POS_065', '0055_POS_081']",7,"['DHBW_OBJ_066', 'DHBW_OBJ_067', 'DHBW_OBJ_068', 'DHBW_OBJ_069', 'DHBW_OBJ_072', 'DHBW_OBJ_073', 'DHBW_OBJ_113']","[('0052_POS_057', '0053_POS_065'), ('0052_POS_057', '0055_POS_081'), ('0053_POS_065', '0055_POS_081')]"
G0110,3,False,"['0052_POS_073', '0053_POS_080', '0055_POS_105']",7,"['DHBW_OBJ_016', 'DHBW_OBJ_020', 'DHBW_OBJ_049', 'DHBW_OBJ_058', 'DHBW_OBJ_098', 'DHBW_OBJ_107', 'DHBW_OBJ_109']","[('0052_POS_073', '0053_POS_080'), ('0052_POS_073', '0055_POS_105'), ('0053_POS_080', '0055_POS_105')]"
G0111,3,False,"['0052_POS_073', '0054_POS_097', '0055_POS_105']",7,"['DHBW_OBJ_015', 'DHBW_OBJ_016', 'DHBW_OBJ_096', 'DHBW_OBJ_097', 'DHBW_OBJ_098', 'DHBW_OBJ_107', 'DHBW_OBJ_109']","[('0052_POS_073', '0054_POS_097'), ('0052_POS_073', '0055_POS_105'), ('0054_POS_097', '0055_POS_105')]"
G0112,3,False,"['0053_POS_073', '0054_POS_089', '0055_POS_105']",7,"['DHBW_OBJ_017', 'DHBW_OBJ_018', 'DHBW_OBJ_020', 'DHBW_OBJ_058', 'DHBW_OBJ_121', 'DHBW_OBJ_122', 'DHBW_OBJ_123']","[('0053_POS_073', '0054_POS_089'), ('0053_POS_073', '0055_POS_105'), ('0054_POS_089', '0055_POS_105')]"
G0113,3,False,"['0053_POS_081', '0054_POS_097', '0055_POS_105']",7,"['DHBW_OBJ_015', 'DHBW_OBJ_016', 'DHBW_OBJ_096', 'DHBW_OBJ_097', 'DHBW_OBJ_098', 'DHBW_OBJ_122', 'DHBW_OBJ_123']","[('0053_POS_081', '0054_POS_097'), ('0053_POS_081', '0055_POS_105'), ('0054_POS_097', '0055_POS_105')]"
G0114,3,False,"['0053_POS_088', '0054_POS_105', '0055_POS_113']",7,"['DHBW_OBJ_012', 'DHBW_OBJ_021', 'DHBW_OBJ_061', 'DHBW_OBJ_084', 'DHBW_OBJ_086', 'DHBW_OBJ_098', 'DHBW_OBJ_107']","[('0053_POS_088', '0054_POS_105'), ('0053_POS_088', '0055_POS_113'), ('0054_POS_105', '0055_POS_113')]"
G0115,3,False,"['0051_POS_049', '0053_POS_081', '0055_POS_105']",6,"['DHBW_OBJ_015', 'DHBW_OBJ_016', 'DHBW_OBJ_017', 'DHBW_OBJ_018', 'DHBW_OBJ_020', 'DHBW_OBJ_058']","[('0051_POS_049', '0053_POS_081'), ('0051_POS_049', '0055_POS_105'), ('0053_POS_081', '0055_POS_105')]"
G0116,3,False,"['0051_POS_065', '0052_POS_097', '0054_POS_113']",6,"['DHBW_OBJ_001', 'DHBW_OBJ_005', 'DHBW_OBJ_006', 'DHBW_OBJ_009', 'DHBW_OBJ_024', 'DHBW_OBJ_025']","[('0051_POS_065', '0052_POS_097'), ('0051_POS_065', '0054_POS_113'), ('0052_POS_097', '0054_POS_113')]"
G0117,3,False,"['0051_POS_065', '0052_POS_097', '0055_POS_113']",6,"['DHBW_OBJ_001', 'DHBW_OBJ_005', 'DHBW_OBJ_006', 'DHBW_OBJ_009', 'DHBW_OBJ_024', 'DHBW_OBJ_025']","[('0051_POS_065', '0052_POS_097'), ('0051_POS_065', '0055_POS_113'), ('0052_POS_097', '0055_POS_113')]"
G0118,3,False,"['0051_POS_065', '0053_POS_105', '0054_POS_113']",6,"['DHBW_OBJ_001', 'DHBW_OBJ_005', 'DHBW_OBJ_006', 'DHBW_OBJ_009', 'DHBW_OBJ_024', 'DHBW_OBJ_025']","[('0051_POS_065', '0053_POS_105'), ('0051_POS_065', '0054_POS_113'), ('0053_POS_105', '0054_POS_113')]"
G0119,3,False,"['0051_POS_065', '0053_POS_105', '0055_POS_113']",6,"['DHBW_OBJ_001', 'DHBW_OBJ_005', 'DHBW_OBJ_006', 'DHBW_OBJ_009', 'DHBW_OBJ_024', 'DHBW_OBJ_025']","[('0051_POS_065', '0053_POS_105'), ('0051_POS_065', '0055_POS_113'), ('0053_POS_105', '0055_POS_113')]"
G0120,3,False,"['0051_POS_065', '0054_POS_113', '0055_POS_113']",6,"['DHBW_OBJ_001', 'DHBW_OBJ_005', 'DHBW_OBJ_006', 'DHBW_OBJ_009', 'DHBW_OBJ_024', 'DHBW_OBJ_025']","[('0051_POS_065', '0054_POS_113'), ('0051_POS_065', '0055_POS_113'), ('0054_POS_113', '0055_POS_113')]"
G0121,3,False,"['0051_POS_073', '0052_POS_105', '0055_POS_113']",6,"['DHBW_OBJ_001', 'DHBW_OBJ_024', 'DHBW_OBJ_025', 'DHBW_OBJ_034', 'DHBW_OBJ_037', 'DHBW_OBJ_046']","[('0051_POS_073', '0052_POS_105'), ('0051_POS_073', '0055_POS_113'), ('0052_POS_105', '0055_POS_113')]"
G0122,3,False,"['0051_POS_073', '0053_POS_105', '0055_POS_113']",6,"['DHBW_OBJ_001', 'DHBW_OBJ_024', 'DHBW_OBJ_025', 'DHBW_OBJ_034', 'DHBW_OBJ_037', 'DHBW_OBJ_046']","[('0051_POS_073', '0053_POS_105'), ('0051_POS_073', '0055_POS_113'), ('0053_POS_105', '0055_POS_113')]"
G0123,3,False,"['0051_POS_073', '0054_POS_113', '0055_POS_113']",6,"['DHBW_OBJ_001', 'DHBW_OBJ_024', 'DHBW_OBJ_025', 'DHBW_OBJ_034', 'DHBW_OBJ_037', 'DHBW_OBJ_046']","[('0051_POS_073', '0054_POS_113'), ('0051_POS_073', '0055_POS_113'), ('0054_POS_113', '0055_POS_113')]"
G0124,3,False,"['0052_POS_057', '0053_POS_057', '0055_POS_089']",6,"['DHBW_OBJ_066', 'DHBW_OBJ_067', 'DHBW_OBJ_068', 'DHBW_OBJ_069', 'DHBW_OBJ_072', 'DHBW_OBJ_073']","[('0052_POS_057', '0053_POS_057'), ('0052_POS_057', '0055_POS_089'), ('0053_POS_057', '0055_POS_089')]"
G0125,3,False,"['0052_POS_073', '0053_POS_080', '0054_POS_097']",6,"['DHBW_OBJ_016', 'DHBW_OBJ_057', 'DHBW_OBJ_098', 'DHBW_OBJ_100', 'DHBW_OBJ_107', 'DHBW_OBJ_109']","[('0052_POS_073', '0053_POS_080'), ('0052_POS_073', '0054_POS_097'), ('0053_POS_080', '0054_POS_097')]"
G0126,3,False,"['0052_POS_073', '0053_POS_081', '0054_POS_097']",6,"['DHBW_OBJ_015', 'DHBW_OBJ_016', 'DHBW_OBJ_096', 'DHBW_OBJ_097', 'DHBW_OBJ_098', 'DHBW_OBJ_100']","[('0052_POS_073', '0053_POS_081'), ('0052_POS_073', '0054_POS_097'), ('0053_POS_081', '0054_POS_097')]"
G0127,3,False,"['0052_POS_073', '0054_POS_089', '0055_POS_105']",6,"['DHBW_OBJ_017', 'DHBW_OBJ_018', 'DHBW_OBJ_020', 'DHBW_OBJ_049', 'DHBW_OBJ_058', 'DHBW_OBJ_109']","[('0052_POS_073', '0054_POS_089'), ('0052_POS_073', '0055_POS_105'), ('0054_POS_089', '0055_POS_105')]"
G0128,3,False,"['0052_POS_089', '0053_POS_088', '0054_POS_105']",6,"['DHBW_OBJ_012', 'DHBW_OBJ_021', 'DHBW_OBJ_061', 'DHBW_OBJ_086', 'DHBW_OBJ_087', 'DHBW_OBJ_093']","[('0052_POS_089', '0053_POS_088'), ('0052_POS_089', '0054_POS_105'), ('0053_POS_088', '0054_POS_105')]"
G0129,3,False,"['0052_POS_089', '0053_POS_089', '0054_POS_097']",6,"['DHBW_OBJ_012', 'DHBW_OBJ_013', 'DHBW_OBJ_014', 'DHBW_OBJ_085', 'DHBW_OBJ_086', 'DHBW_OBJ_087']","[('0052_POS_089', '0053_POS_089'), ('0052_POS_089', '0054_POS_097'), ('0053_POS_089', '0054_POS_097')]"
G0130,3,False,"['0052_POS_097', '0053_POS_089', '0054_POS_105']",6,"['DHBW_OBJ_021', 'DHBW_OBJ_022', 'DHBW_OBJ_090', 'DHBW_OBJ_091', 'DHBW_OBJ_092', 'DHBW_OBJ_093']","[('0052_POS_097', '0053_POS_089'), ('0052_POS_097', '0054_POS_105'), ('0053_POS_089', '0054_POS_105')]"
G0131,3,False,"['0053_POS_072', '0054_POS_089', '0055_POS_105']",6,"['DHBW_OBJ_020', 'DHBW_OBJ_049', 'DHBW_OBJ_058', 'DHBW_OBJ_109', 'DHBW_OBJ_120', 'DHBW_OBJ_121']","[('0053_POS_072', '0054_POS_089'), ('0053_POS_072', '0055_POS_105'), ('0054_POS_089', '0055_POS_105')]"
G0132,3,False,"['0053_POS_081', '0054_POS_089', '0055_POS_105']",6,"['DHBW_OBJ_017', 'DHBW_OBJ_018', 'DHBW_OBJ_020', 'DHBW_OBJ_058', 'DHBW_OBJ_122', 'DHBW_OBJ_123']","[('0053_POS_081', '0054_POS_089'), ('0053_POS_081', '0055_POS_105'), ('0054_POS_089', '0055_POS_105')]"
G0133,3,False,"['0053_POS_088', '0054_POS_097', '0055_POS_105']",6,"['DHBW_OBJ_012', 'DHBW_OBJ_016', 'DHBW_OBJ_061', 'DHBW_OBJ_086', 'DHBW_OBJ_098', 'DHBW_OBJ_107']","[('0053_POS_088', '0054_POS_097'), ('0053_POS_088', '0055_POS_105'), ('0054_POS_097', '0055_POS_105')]"
G0134,3,False,"['0051_POS_049', '0052_POS_073', '0053_POS_089']",5,"['DHBW_OBJ_015', 'DHBW_OBJ_016', 'DHBW_OBJ_050', 'DHBW_OBJ_051', 'DHBW_OBJ_052']","[('0051_POS_049', '0052_POS_073'), ('0051_POS_049', '0053_POS_089'), ('0052_POS_073', '0053_POS_089')]"
G0135,3,False,"['0051_POS_049', '0053_POS_080', '0055_POS_105']",5,"['DHBW_OBJ_016', 'DHBW_OBJ_020', 'DHBW_OBJ_049', 'DHBW_OBJ_058', 'DHBW_OBJ_061']","[('0051_POS_049', '0053_POS_080'), ('0051_POS_049', '0055_POS_105'), ('0053_POS_080', '0055_POS_105')]"
G0136,3,False,"['0051_POS_049', '0053_POS_089', '0054_POS_097']",5,"['DHBW_OBJ_012', 'DHBW_OBJ_013', 'DHBW_OBJ_014', 'DHBW_OBJ_015', 'DHBW_OBJ_016']","[('0051_POS_049', '0053_POS_089'), ('0051_POS_049', '0054_POS_097'), ('0053_POS_089', '0054_POS_097')]"
G0137,3,False,"['0051_POS_049', '0054_POS_089', '0055_POS_105']",5,"['DHBW_OBJ_017', 'DHBW_OBJ_018', 'DHBW_OBJ_020', 'DHBW_OBJ_049', 'DHBW_OBJ_058']","[('0051_POS_049', '0054_POS_089'), ('0051_POS_049', '0055_POS_105'), ('0054_POS_089', '0055_POS_105')]"
G0138,3,False,"['0051_POS_049', '0054_POS_097', '0055_POS_105']",5,"['DHBW_OBJ_012', 'DHBW_OBJ_013', 'DHBW_OBJ_015', 'DHBW_OBJ_016', 'DHBW_OBJ_061']","[('0051_POS_049', '0054_POS_097'), ('0051_POS_049', '0055_POS_105'), ('0054_POS_097', '0055_POS_105')]"
G0139,3,False,"['0052_POS_073', '0053_POS_064', '0054_POS_089']",5,"['DHBW_OBJ_054', 'DHBW_OBJ_055', 'DHBW_OBJ_056', 'DHBW_OBJ_106', 'DHBW_OBJ_111']","[('0052_POS_073', '0053_POS_064'), ('0052_POS_073', '0054_POS_089'), ('0053_POS_064', '0054_POS_089')]"
G0140,3,False,"['0052_POS_073', '0053_POS_088', '0054_POS_097']",5,"['DHBW_OBJ_016', 'DHBW_OBJ_057', 'DHBW_OBJ_098', 'DHBW_OBJ_100', 'DHBW_OBJ_107']","[('0052_POS_073', '0053_POS_088'), ('0052_POS_073', '0054_POS_097'), ('0053_POS_088', '0054_POS_097')]"
G0141,3,False,"['0052_POS_073', '0053_POS_089', '0054_POS_097']",5,"['DHBW_OBJ_015', 'DHBW_OBJ_016', 'DHBW_OBJ_097', 'DHBW_OBJ_098', 'DHBW_OBJ_100']","[('0052_POS_073', '0053_POS_089'), ('0052_POS_073', '0054_POS_097'), ('0053_POS_089', '0054_POS_097')]"
G0142,3,False,"['0052_POS_089', '0053_POS_088', '0054_POS_097']",5,"['DHBW_OBJ_012', 'DHBW_OBJ_061', 'DHBW_OBJ_086', 'DHBW_OBJ_087', 'DHBW_OBJ_094']","[('0052_POS_089', '0053_POS_088'), ('0052_POS_089', '0054_POS_097'), ('0053_POS_088', '0054_POS_097')]"
G0143,3,False,"['0052_POS_089', '0054_POS_097', '0055_POS_105']",5,"['DHBW_OBJ_012', 'DHBW_OBJ_013', 'DHBW_OBJ_061', 'DHBW_OBJ_085', 'DHBW_OBJ_086']","[('0052_POS_089', '0054_POS_097'), ('0052_POS_089', '0055_POS_105'), ('0054_POS_097', '0055_POS_105')]"
G0144,3,False,"['0052_POS_089', '0054_POS_097', '0055_POS_113']",5,"['DHBW_OBJ_012', 'DHBW_OBJ_013', 'DHBW_OBJ_061', 'DHBW_OBJ_085', 'DHBW_OBJ_086']","[('0052_POS_089', '0054_POS_097'), ('0052_POS_089', '0055_POS_113'), ('0054_POS_097', '0055_POS_113')]"
G0145,3,False,"['0052_POS_089', '0054_POS_105', '0055_POS_105']",5,"['DHBW_OBJ_012', 'DHBW_OBJ_013', 'DHBW_OBJ_061', 'DHBW_OBJ_085', 'DHBW_OBJ_086']","[('0052_POS_089', '0054_POS_105'), ('0052_POS_089', '0055_POS_105'), ('0054_POS_105', '0055_POS_105')]"
G0146,3,False,"['0052_POS_097', '0053_POS_089', '0055_POS_113']",5,"['DHBW_OBJ_021', 'DHBW_OBJ_022', 'DHBW_OBJ_090', 'DHBW_OBJ_091', 'DHBW_OBJ_092']","[('0052_POS_097', '0053_POS_089'), ('0052_POS_097', '0055_POS_113'), ('0053_POS_089', '0055_POS_113')]"
G0147,3,False,"['0052_POS_097', '0053_POS_105', '0054_POS_105']",5,"['DHBW_OBJ_006', 'DHBW_OBJ_009', 'DHBW_OBJ_081', 'DHBW_OBJ_082', 'DHBW_OBJ_083']","[('0052_POS_097', '0053_POS_105'), ('0052_POS_097', '0054_POS_105'), ('0053_POS_105', '0054_POS_105')]"
G0148,3,False,"['0053_POS_064', '0054_POS_073', '0055_POS_089']",5,"['DHBW_OBJ_069', 'DHBW_OBJ_070', 'DHBW_OBJ_076', 'DHBW_OBJ_117', 'DHBW_OBJ_118']","[('0053_POS_064', '0054_POS_073'), ('0053_POS_064', '0055_POS_089'), ('0054_POS_073', '0055_POS_089')]"
G0149,3,False,"['0053_POS_080', '0054_POS_097', '0055_POS_105']",5,"['DHBW_OBJ_016', 'DHBW_OBJ_061', 'DHBW_OBJ_098', 'DHBW_OBJ_107', 'DHBW_OBJ_109']","[('0053_POS_080', '0054_POS_097'), ('0053_POS_080', '0055_POS_105'), ('0054_POS_097', '0055_POS_105')]"
G0150,3,False,"['0053_POS_088', '0054_POS_097', '0055_POS_113']",5,"['DHBW_OBJ_012', 'DHBW_OBJ_061', 'DHBW_OBJ_086', 'DHBW_OBJ_098', 'DHBW_OBJ_107']","[('0053_POS_088', '0054_POS_097'), ('0053_POS_088', '0055_POS_113'), ('0054_POS_097', '0055_POS_113')]"
G0151,3,False,"['0053_POS_088', '0054_POS_105', '0055_POS_105']",5,"['DHBW_OBJ_012', 'DHBW_OBJ_061', 'DHBW_OBJ_086', 'DHBW_OBJ_098', 'DHBW_OBJ_107']","[('0053_POS_088', '0054_POS_105'), ('0053_POS_088', '0055_POS_105'), ('0054_POS_105', '0055_POS_105')]"
G0152,3,False,"['0053_POS_105', '0054_POS_105', '0055_POS_113']",5,"['DHBW_OBJ_006', 'DHBW_OBJ_009', 'DHBW_OBJ_081', 'DHBW_OBJ_082', 'DHBW_OBJ_083']","[('0053_POS_105', '0054_POS_105'), ('0053_POS_105', '0055_POS_113'), ('0054_POS_105', '0055_POS_113')]"
G0153,3,False,"['0051_POS_041', '0053_POS_064', '0054_POS_073']",4,"['DHBW_OBJ_069', 'DHBW_OBJ_070', 'DHBW_OBJ_071', 'DHBW_OBJ_076']","[('0051_POS_041', '0053_POS_064'), ('0051_POS_041', '0054_POS_073'), ('0053_POS_064', '0054_POS_073')]"
G0154,3,False,"['0051_POS_049', '0052_POS_089', '0054_POS_097']",4,"['DHBW_OBJ_012', 'DHBW_OBJ_013', 'DHBW_OBJ_014', 'DHBW_OBJ_061']","[('0051_POS_049', '0052_POS_089'), ('0051_POS_049', '0054_POS_097'), ('0052_POS_089', '0054_POS_097')]"
G0155,3,False,"['0051_POS_049', '0052_POS_089', '0054_POS_105']",4,"['DHBW_OBJ_012', 'DHBW_OBJ_013', 'DHBW_OBJ_014', 'DHBW_OBJ_061']","[('0051_POS_049', '0052_POS_089'), ('0051_POS_049', '0054_POS_105'), ('0052_POS_089', '0054_POS_105')]"
G0156,3,False,"['0051_POS_049', '0053_POS_073', '0055_POS_105']",4,"['DHBW_OBJ_017', 'DHBW_OBJ_018', 'DHBW_OBJ_020', 'DHBW_OBJ_058']","[('0051_POS_049', '0053_POS_073'), ('0051_POS_049', '0055_POS_105'), ('0053_POS_073', '0055_POS_105')]"
G0157,3,False,"['0051_POS_049', '0053_POS_081', '0054_POS_089']",4,"['DHBW_OBJ_017', 'DHBW_OBJ_018', 'DHBW_OBJ_020', 'DHBW_OBJ_058']","[('0051_POS_049', '0053_POS_081'), ('0051_POS_049', '0054_POS_089'), ('0053_POS_081', '0054_POS_089')]"
G0158,3,False,"['0051_POS_049', '0053_POS_088', '0054_POS_097']",4,"['DHBW_OBJ_012', 'DHBW_OBJ_016', 'DHBW_OBJ_057', 'DHBW_OBJ_061']","[('0051_POS_049', '0053_POS_088'), ('0051_POS_049', '0054_POS_097'), ('0053_POS_088', '0054_POS_097')]"
G0159,3,False,"['0051_POS_049', '0053_POS_089', '0055_POS_105']",4,"['DHBW_OBJ_012', 'DHBW_OBJ_013', 'DHBW_OBJ_015', 'DHBW_OBJ_016']","[('0051_POS_049', '0053_POS_089'), ('0051_POS_049', '0055_POS_105'), ('0053_POS_089', '0055_POS_105')]"
G0160,3,False,"['0051_POS_065', '0052_POS_105', '0053_POS_105']",4,"['DHBW_OBJ_001', 'DHBW_OBJ_005', 'DHBW_OBJ_024', 'DHBW_OBJ_025']","[('0051_POS_065', '0052_POS_105'), ('0051_POS_065', '0053_POS_105'), ('0052_POS_105', '0053_POS_105')]"
G0161,3,False,"['0051_POS_065', '0052_POS_105', '0054_POS_113']",4,"['DHBW_OBJ_001', 'DHBW_OBJ_005', 'DHBW_OBJ_024', 'DHBW_OBJ_025']","[('0051_POS_065', '0052_POS_105'), ('0051_POS_065', '0054_POS_113'), ('0052_POS_105', '0054_POS_113')]"
G0162,3,False,"['0051_POS_065', '0052_POS_105', '0055_POS_113']",4,"['DHBW_OBJ_001', 'DHBW_OBJ_005', 'DHBW_OBJ_024', 'DHBW_OBJ_025']","[('0051_POS_065', '0052_POS_105'), ('0051_POS_065', '0055_POS_113'), ('0052_POS_105', '0055_POS_113')]"
G0163,3,False,"['0052_POS_073', '0053_POS_065', '0054_POS_089']",4,"['DHBW_OBJ_054', 'DHBW_OBJ_055', 'DHBW_OBJ_104', 'DHBW_OBJ_106']","[('0052_POS_073', '0053_POS_065'), ('0052_POS_073', '0054_POS_089'), ('0053_POS_065', '0054_POS_089')]"
G0164,3,False,"['0052_POS_073', '0053_POS_072', '0055_POS_105']",4,"['DHBW_OBJ_020', 'DHBW_OBJ_049', 'DHBW_OBJ_058', 'DHBW_OBJ_109']","[('0052_POS_073', '0053_POS_072'), ('0052_POS_073', '0055_POS_105'), ('0053_POS_072', '0055_POS_105')]"
G0165,3,False,"['0052_POS_073', '0053_POS_073', '0055_POS_105']",4,"['DHBW_OBJ_017', 'DHBW_OBJ_018', 'DHBW_OBJ_020', 'DHBW_OBJ_058']","[('0052_POS_073', '0053_POS_073'), ('0052_POS_073', '0055_POS_105'), ('0053_POS_073', '0055_POS_105')]"
G0166,3,False,"['0052_POS_073', '0053_POS_080', '0054_POS_089']",4,"['DHBW_OBJ_020', 'DHBW_OBJ_049', 'DHBW_OBJ_058', 'DHBW_OBJ_109']","[('0052_POS_073', '0053_POS_080'), ('0052_POS_073', '0054_POS_089'), ('0053_POS_080', '0054_POS_089')]"
G0167,3,False,"['0052_POS_073', '0053_POS_081', '0054_POS_089']",4,"['DHBW_OBJ_017', 'DHBW_OBJ_018', 'DHBW_OBJ_020', 'DHBW_OBJ_058']","[('0052_POS_073', '0053_POS_081'), ('0052_POS_073', '0054_POS_089'), ('0053_POS_081', '0054_POS_089')]"
G0168,3,False,"['0052_POS_073', '0053_POS_081', '0054_POS_105']",4,"['DHBW_OBJ_096', 'DHBW_OBJ_097', 'DHBW_OBJ_098', 'DHBW_OBJ_100']","[('0052_POS_073', '0053_POS_081'), ('0052_POS_073', '0054_POS_105'), ('0053_POS_081', '0054_POS_105')]"
G0169,3,False,"['0052_POS_073', '0053_POS_089', '0055_POS_105']",4,"['DHBW_OBJ_015', 'DHBW_OBJ_016', 'DHBW_OBJ_097', 'DHBW_OBJ_098']","[('0052_POS_073', '0053_POS_089'), ('0052_POS_073', '0055_POS_105'), ('0053_POS_089', '0055_POS_105')]"
G0170,3,False,"['0052_POS_073', '0054_POS_089', '0055_POS_089']",4,"['DHBW_OBJ_054', 'DHBW_OBJ_104', 'DHBW_OBJ_106', 'DHBW_OBJ_111']","[('0052_POS_073', '0054_POS_089'), ('0052_POS_073', '0055_POS_089'), ('0054_POS_089', '0055_POS_089')]"
G0171,3,False,"['0052_POS_073', '0054_POS_097', '0055_POS_113']",4,"['DHBW_OBJ_096', 'DHBW_OBJ_097', 'DHBW_OBJ_098', 'DHBW_OBJ_107']","[('0052_POS_073', '0054_POS_097'), ('0052_POS_073', '0055_POS_113'), ('0054_POS_097', '0055_POS_113')]"
G0172,3,False,"['0052_POS_073', '0054_POS_105', '0055_POS_105']",4,"['DHBW_OBJ_096', 'DHBW_OBJ_097', 'DHBW_OBJ_098', 'DHBW_OBJ_107']","[('0052_POS_073', '0054_POS_105'), ('0052_POS_073', '0055_POS_105'), ('0054_POS_105', '0055_POS_105')]"
G0173,3,False,"['0052_POS_073', '0054_POS_105', '0055_POS_113']",4,"['DHBW_OBJ_096', 'DHBW_OBJ_097', 'DHBW_OBJ_098', 'DHBW_OBJ_107']","[('0052_POS_073', '0054_POS_105'), ('0052_POS_073', '0055_POS_113'), ('0054_POS_105', '0055_POS_113')]"
G0174,3,False,"['0052_POS_089', '0053_POS_088', '0055_POS_113']",4,"['DHBW_OBJ_012', 'DHBW_OBJ_021', 'DHBW_OBJ_061', 'DHBW_OBJ_086']","[('0052_POS_089', '0053_POS_088'), ('0052_POS_089', '0055_POS_113'), ('0053_POS_088', '0055_POS_113')]"
G0175,3,False,"['0052_POS_089', '0053_POS_089', '0054_POS_113']",4,"['DHBW_OBJ_022', 'DHBW_OBJ_090', 'DHBW_OBJ_091', 'DHBW_OBJ_092']","[('0052_POS_089', '0053_POS_089'), ('0052_POS_089', '0054_POS_113'), ('0053_POS_089', '0054_POS_113')]"
G0176,3,False,"['0052_POS_089', '0053_POS_089', '0055_POS_105']",4,"['DHBW_OBJ_012', 'DHBW_OBJ_013', 'DHBW_OBJ_085', 'DHBW_OBJ_086']","[('0052_POS_089', '0053_POS_089'), ('0052_POS_089', '0055_POS_105'), ('0053_POS_089', '0055_POS_105')]"
G0177,3,False,"['0052_POS_089', '0054_POS_113', '0055_POS_113']",4,"['DHBW_OBJ_022', 'DHBW_OBJ_090', 'DHBW_OBJ_091', 'DHBW_OBJ_092']","[('0052_POS_089', '0054_POS_113'), ('0052_POS_089', '0055_POS_113'), ('0054_POS_113', '0055_POS_113')]"
G0178,3,False,"['0052_POS_097', '0053_POS_089', '0054_POS_113']",4,"['DHBW_OBJ_022', 'DHBW_OBJ_090', 'DHBW_OBJ_091', 'DHBW_OBJ_092']","[('0052_POS_097', '0053_POS_089'), ('0052_POS_097', '0054_POS_113'), ('0053_POS_089', '0054_POS_113')]"
G0179,3,False,"['0053_POS_064', '0054_POS_073', '0055_POS_081']",4,"['DHBW_OBJ_069', 'DHBW_OBJ_076', 'DHBW_OBJ_117', 'DHBW_OBJ_118']","[('0053_POS_064', '0054_POS_073'), ('0053_POS_064', '0055_POS_081'), ('0054_POS_073', '0055_POS_081')]"
G0180,3,False,"['0053_POS_072', '0054_POS_089', '0055_POS_089']",4,"['DHBW_OBJ_054', 'DHBW_OBJ_106', 'DHBW_OBJ_111', 'DHBW_OBJ_119']","[('0053_POS_072', '0054_POS_089'), ('0053_POS_072', '0055_POS_089'), ('0054_POS_089', '0055_POS_089')]"
G0181,3,False,"['0053_POS_080', '0054_POS_089', '0055_POS_105']",4,"['DHBW_OBJ_020', 'DHBW_OBJ_049', 'DHBW_OBJ_058', 'DHBW_OBJ_109']","[('0053_POS_080', '0054_POS_089'), ('0053_POS_080', '0055_POS_105'), ('0054_POS_089', '0055_POS_105')]"
G0182,3,False,"['0053_POS_089', '0054_POS_113', '0055_POS_113']",4,"['DHBW_OBJ_022', 'DHBW_OBJ_090', 'DHBW_OBJ_091', 'DHBW_OBJ_092']","[('0053_POS_089', '0054_POS_113'), ('0053_POS_089', '0055_POS_113'), ('0054_POS_113', '0055_POS_113')]"
G0183,2,False,"['0052_POS_105', '0053_POS_105']",33,"['DHBW_OBJ_001', 'DHBW_OBJ_005', 'DHBW_OBJ_024', 'DHBW_OBJ_025', 'DHBW_OBJ_026', 'DHBW_OBJ_027', 'DHBW_OBJ_028', 'DHBW_OBJ_029', 'DHBW_OBJ_030', 'DHBW_OBJ_031', 'DHBW_OBJ_032', 'DHBW_OBJ_033', 'DHBW_OBJ_034', 'DHBW_OBJ_035', 'DHBW_OBJ_036', 'DHBW_OBJ_037', 'DHBW_OBJ_038', 'DHBW_OBJ_039', 'DHBW_OBJ_040', 'DHBW_OBJ_041', 'DHBW_OBJ_042', 'DHBW_OBJ_043', 'DHBW_OBJ_044', 'DHBW_OBJ_045', 'DHBW_OBJ_046', 'DHBW_OBJ_047', 'DHBW_OBJ_077', 'DHBW_OBJ_078', 'DHBW_OBJ_079', 'DHBW_OBJ_080', 'DHBW_OBJ_081', 'DHBW_OBJ_082', 'DHBW_OBJ_083']","[('0052_POS_105', '0053_POS_105')]"
G0184,2,False,"['0053_POS_105', '0054_POS_113']",32,"['DHBW_OBJ_001', 'DHBW_OBJ_005', 'DHBW_OBJ_006', 'DHBW_OBJ_009', 'DHBW_OBJ_024', 'DHBW_OBJ_025', 'DHBW_OBJ_026', 'DHBW_OBJ_027', 'DHBW_OBJ_028', 'DHBW_OBJ_029', 'DHBW_OBJ_030', 'DHBW_OBJ_031', 'DHBW_OBJ_032', 'DHBW_OBJ_033', 'DHBW_OBJ_034', 'DHBW_OBJ_037', 'DHBW_OBJ_038', 'DHBW_OBJ_039', 'DHBW_OBJ_040', 'DHBW_OBJ_041', 'DHBW_OBJ_042', 'DHBW_OBJ_043', 'DHBW_OBJ_044', 'DHBW_OBJ_045', 'DHBW_OBJ_046', 'DHBW_OBJ_077', 'DHBW_OBJ_078', 'DHBW_OBJ_079', 'DHBW_OBJ_080', 'DHBW_OBJ_081', 'DHBW_OBJ_082', 'DHBW_OBJ_083']","[('0053_POS_105', '0054_POS_113')]"
G0185,2,False,"['0052_POS_105', '0054_POS_113']",30,"['DHBW_OBJ_001', 'DHBW_OBJ_005', 'DHBW_OBJ_024', 'DHBW_OBJ_025', 'DHBW_OBJ_026', 'DHBW_OBJ_027', 'DHBW_OBJ_028', 'DHBW_OBJ_029', 'DHBW_OBJ_030', 'DHBW_OBJ_031', 'DHBW_OBJ_032', 'DHBW_OBJ_033', 'DHBW_OBJ_034', 'DHBW_OBJ_037', 'DHBW_OBJ_038', 'DHBW_OBJ_039', 'DHBW_OBJ_040', 'DHBW_OBJ_041', 'DHBW_OBJ_042', 'DHBW_OBJ_043', 'DHBW_OBJ_044', 'DHBW_OBJ_045', 'DHBW_OBJ_046', 'DHBW_OBJ_077', 'DHBW_OBJ_078', 'DHBW_OBJ_079', 'DHBW_OBJ_080', 'DHBW_OBJ_081', 'DHBW_OBJ_082', 'DHBW_OBJ_083']","[('0052_POS_105', '0054_POS_113')]"
G0186,2,False,"['0051_POS_073', '0052_POS_105']",26,"['DHBW_OBJ_001', 'DHBW_OBJ_023', 'DHBW_OBJ_024', 'DHBW_OBJ_025', 'DHBW_OBJ_026', 'DHBW_OBJ_027', 'DHBW_OBJ_028', 'DHBW_OBJ_029', 'DHBW_OBJ_030', 'DHBW_OBJ_031', 'DHBW_OBJ_032', 'DHBW_OBJ_033', 'DHBW_OBJ_034', 'DHBW_OBJ_035', 'DHBW_OBJ_036', 'DHBW_OBJ_037', 'DHBW_OBJ_038', 'DHBW_OBJ_039', 'DHBW_OBJ_040', 'DHBW_OBJ_041', 'DHBW_OBJ_042', 'DHBW_OBJ_043', 'DHBW_OBJ_044', 'DHBW_OBJ_045', 'DHBW_OBJ_046', 'DHBW_OBJ_047']","[('0051_POS_073', '0052_POS_105')]"
G0187,2,False,"['0051_POS_073', '0053_POS_105']",25,"['DHBW_OBJ_001', 'DHBW_OBJ_024', 'DHBW_OBJ_025', 'DHBW_OBJ_026', 'DHBW_OBJ_027', 'DHBW_OBJ_028', 'DHBW_OBJ_029', 'DHBW_OBJ_030', 'DHBW_OBJ_031', 'DHBW_OBJ_032', 'DHBW_OBJ_033', 'DHBW_OBJ_034', 'DHBW_OBJ_035', 'DHBW_OBJ_036', 'DHBW_OBJ_037', 'DHBW_OBJ_038', 'DHBW_OBJ_039', 'DHBW_OBJ_040', 'DHBW_OBJ_041', 'DHBW_OBJ_042', 'DHBW_OBJ_043', 'DHBW_OBJ_044', 'DHBW_OBJ_045', 'DHBW_OBJ_046', 'DHBW_OBJ_047']","[('0051_POS_073', '0053_POS_105')]"
G0188,2,False,"['0054_POS_105', '0055_POS_113']",23,"['DHBW_OBJ_006', 'DHBW_OBJ_009', 'DHBW_OBJ_012', 'DHBW_OBJ_013', 'DHBW_OBJ_021', 'DHBW_OBJ_022', 'DHBW_OBJ_061', 'DHBW_OBJ_081', 'DHBW_OBJ_082', 'DHBW_OBJ_083', 'DHBW_OBJ_084', 'DHBW_OBJ_085', 'DHBW_OBJ_086', 'DHBW_OBJ_090', 'DHBW_OBJ_091', 'DHBW_OBJ_092', 'DHBW_OBJ_096', 'DHBW_OBJ_097', 'DHBW_OBJ_098', 'DHBW_OBJ_107', 'DHBW_OBJ_125', 'DHBW_OBJ_126', 'DHBW_OBJ_139']","[('0054_POS_105', '0055_POS_113')]"
G0189,2,False,"['0051_POS_073', '0054_POS_113']",22,"['DHBW_OBJ_001', 'DHBW_OBJ_024', 'DHBW_OBJ_025', 'DHBW_OBJ_026', 'DHBW_OBJ_027', 'DHBW_OBJ_028', 'DHBW_OBJ_029', 'DHBW_OBJ_030', 'DHBW_OBJ_031', 'DHBW_OBJ_032', 'DHBW_OBJ_033', 'DHBW_OBJ_034', 'DHBW_OBJ_037', 'DHBW_OBJ_038', 'DHBW_OBJ_039', 'DHBW_OBJ_040', 'DHBW_OBJ_041', 'DHBW_OBJ_042', 'DHBW_OBJ_043', 'DHBW_OBJ_044', 'DHBW_OBJ_045', 'DHBW_OBJ_046']","[('0051_POS_073', '0054_POS_113')]"
G0190,2,False,"['0054_POS_113', '0055_POS_113']",22,"['DHBW_OBJ_001', 'DHBW_OBJ_005', 'DHBW_OBJ_006', 'DHBW_OBJ_009', 'DHBW_OBJ_022', 'DHBW_OBJ_024', 'DHBW_OBJ_025', 'DHBW_OBJ_034', 'DHBW_OBJ_037', 'DHBW_OBJ_046', 'DHBW_OBJ_077', 'DHBW_OBJ_078', 'DHBW_OBJ_080', 'DHBW_OBJ_081', 'DHBW_OBJ_082', 'DHBW_OBJ_083', 'DHBW_OBJ_084', 'DHBW_OBJ_090', 'DHBW_OBJ_091', 'DHBW_OBJ_092', 'DHBW_OBJ_139', 'DHBW_OBJ_140']","[('0054_POS_113', '0055_POS_113')]"
G0191,2,False,"['0054_POS_073', '0055_POS_081']",20,"['DHBW_OBJ_063', 'DHBW_OBJ_064', 'DHBW_OBJ_065', 'DHBW_OBJ_066', 'DHBW_OBJ_067', 'DHBW_OBJ_068', 'DHBW_OBJ_069', 'DHBW_OBJ_072', 'DHBW_OBJ_073', 'DHBW_OBJ_076', 'DHBW_OBJ_113', 'DHBW_OBJ_114', 'DHBW_OBJ_115', 'DHBW_OBJ_116', 'DHBW_OBJ_117', 'DHBW_OBJ_118', 'DHBW_OBJ_127', 'DHBW_OBJ_128', 'DHBW_OBJ_129', 'DHBW_OBJ_130']","[('0054_POS_073', '0055_POS_081')]"
G0192,2,False,"['0052_POS_073', '0053_POS_081']",19,"['DHBW_OBJ_015', 'DHBW_OBJ_016', 'DHBW_OBJ_017', 'DHBW_OBJ_018', 'DHBW_OBJ_019', 'DHBW_OBJ_020', 'DHBW_OBJ_050', 'DHBW_OBJ_051', 'DHBW_OBJ_052', 'DHBW_OBJ_053', 'DHBW_OBJ_058', 'DHBW_OBJ_096', 'DHBW_OBJ_097', 'DHBW_OBJ_098', 'DHBW_OBJ_099', 'DHBW_OBJ_100', 'DHBW_OBJ_101', 'DHBW_OBJ_102', 'DHBW_OBJ_103']","[('0052_POS_073', '0053_POS_081')]"
G0193,2,False,"['0052_POS_097', '0054_POS_113']",18,"['DHBW_OBJ_001', 'DHBW_OBJ_005', 'DHBW_OBJ_006', 'DHBW_OBJ_009', 'DHBW_OBJ_022', 'DHBW_OBJ_024', 'DHBW_OBJ_025', 'DHBW_OBJ_077', 'DHBW_OBJ_078', 'DHBW_OBJ_079', 'DHBW_OBJ_080', 'DHBW_OBJ_081', 'DHBW_OBJ_082', 'DHBW_OBJ_083', 'DHBW_OBJ_084', 'DHBW_OBJ_090', 'DHBW_OBJ_091', 'DHBW_OBJ_092']","[('0052_POS_097', '0054_POS_113')]"
G0194,2,False,"['0052_POS_097', '0055_POS_113']",18,"['DHBW_OBJ_001', 'DHBW_OBJ_005', 'DHBW_OBJ_006', 'DHBW_OBJ_009', 'DHBW_OBJ_021', 'DHBW_OBJ_022', 'DHBW_OBJ_024', 'DHBW_OBJ_025', 'DHBW_OBJ_077', 'DHBW_OBJ_078', 'DHBW_OBJ_080', 'DHBW_OBJ_081', 'DHBW_OBJ_082', 'DHBW_OBJ_083', 'DHBW_OBJ_084', 'DHBW_OBJ_090', 'DHBW_OBJ_091', 'DHBW_OBJ_092']","[('0052_POS_097', '0055_POS_113')]"
G0195,2,False,"['0054_POS_073', '0055_POS_089']",18,"['DHBW_OBJ_062', 'DHBW_OBJ_066', 'DHBW_OBJ_067', 'DHBW_OBJ_068', 'DHBW_OBJ_069', 'DHBW_OBJ_070', 'DHBW_OBJ_072', 'DHBW_OBJ_073', 'DHBW_OBJ_076', 'DHBW_OBJ_117', 'DHBW_OBJ_118', 'DHBW_OBJ_127', 'DHBW_OBJ_128', 'DHBW_OBJ_129', 'DHBW_OBJ_130', 'DHBW_OBJ_131', 'DHBW_OBJ_132', 'DHBW_OBJ_133']","[('0054_POS_073', '0055_POS_089')]"
G0196,2,False,"['0053_POS_089', '0054_POS_105']",17,"['DHBW_OBJ_012', 'DHBW_OBJ_013', 'DHBW_OBJ_014', 'DHBW_OBJ_021', 'DHBW_OBJ_022', 'DHBW_OBJ_085', 'DHBW_OBJ_086', 'DHBW_OBJ_087', 'DHBW_OBJ_090', 'DHBW_OBJ_091', 'DHBW_OBJ_092', 'DHBW_OBJ_093', 'DHBW_OBJ_097', 'DHBW_OBJ_098', 'DHBW_OBJ_100', 'DHBW_OBJ_125', 'DHBW_OBJ_126']","[('0053_POS_089', '0054_POS_105')]"
G0197,2,False,"['0051_POS_049', '0052_POS_073']",16,"['DHBW_OBJ_015', 'DHBW_OBJ_016', 'DHBW_OBJ_017', 'DHBW_OBJ_018', 'DHBW_OBJ_019', 'DHBW_OBJ_020', 'DHBW_OBJ_049', 'DHBW_OBJ_050', 'DHBW_OBJ_051', 'DHBW_OBJ_052', 'DHBW_OBJ_053', 'DHBW_OBJ_054', 'DHBW_OBJ_055', 'DHBW_OBJ_056', 'DHBW_OBJ_057', 'DHBW_OBJ_058']","[('0051_POS_049', '0052_POS_073')]"
G0198,2,False,"['0052_POS_073', '0053_POS_080']",16,"['DHBW_OBJ_016', 'DHBW_OBJ_019', 'DHBW_OBJ_020', 'DHBW_OBJ_049', 'DHBW_OBJ_052', 'DHBW_OBJ_057', 'DHBW_OBJ_058', 'DHBW_OBJ_098', 'DHBW_OBJ_100', 'DHBW_OBJ_101', 'DHBW_OBJ_102', 'DHBW_OBJ_103', 'DHBW_OBJ_107', 'DHBW_OBJ_108', 'DHBW_OBJ_109', 'DHBW_OBJ_110']","[('0052_POS_073', '0053_POS_080')]"
G0199,2,False,"['0053_POS_057', '0054_POS_073']",16,"['DHBW_OBJ_063', 'DHBW_OBJ_064', 'DHBW_OBJ_065', 'DHBW_OBJ_066', 'DHBW_OBJ_067', 'DHBW_OBJ_068', 'DHBW_OBJ_069', 'DHBW_OBJ_071', 'DHBW_OBJ_072', 'DHBW_OBJ_073', 'DHBW_OBJ_076', 'DHBW_OBJ_113', 'DHBW_OBJ_114', 'DHBW_OBJ_115', 'DHBW_OBJ_116', 'DHBW_OBJ_117']","[('0053_POS_057', '0054_POS_073')]"
G0200,2,False,"['0054_POS_097', '0055_POS_105']",16,"['DHBW_OBJ_012', 'DHBW_OBJ_013', 'DHBW_OBJ_015', 'DHBW_OBJ_016', 'DHBW_OBJ_061', 'DHBW_OBJ_085', 'DHBW_OBJ_086', 'DHBW_OBJ_096', 'DHBW_OBJ_097', 'DHBW_OBJ_098', 'DHBW_OBJ_107', 'DHBW_OBJ_109', 'DHBW_OBJ_122', 'DHBW_OBJ_123', 'DHBW_OBJ_125', 'DHBW_OBJ_126']","[('0054_POS_097', '0055_POS_105')]"
G0201,2,False,"['0052_POS_057', '0054_POS_073']",15,"['DHBW_OBJ_062', 'DHBW_OBJ_063', 'DHBW_OBJ_064', 'DHBW_OBJ_065', 'DHBW_OBJ_066', 'DHBW_OBJ_067', 'DHBW_OBJ_068', 'DHBW_OBJ_069', 'DHBW_OBJ_070', 'DHBW_OBJ_071', 'DHBW_OBJ_072', 'DHBW_OBJ_073', 'DHBW_OBJ_113', 'DHBW_OBJ_114', 'DHBW_OBJ_115']","[('0052_POS_057', '0054_POS_073')]"
G0202,2,False,"['0053_POS_057', '0055_POS_081']",15,"['DHBW_OBJ_063', 'DHBW_OBJ_064', 'DHBW_OBJ_065', 'DHBW_OBJ_066', 'DHBW_OBJ_067', 'DHBW_OBJ_068', 'DHBW_OBJ_069', 'DHBW_OBJ_072', 'DHBW_OBJ_073', 'DHBW_OBJ_076', 'DHBW_OBJ_113', 'DHBW_OBJ_114', 'DHBW_OBJ_115', 'DHBW_OBJ_116', 'DHBW_OBJ_117']","[('0053_POS_057', '0055_POS_081')]"
G0203,2,False,"['0053_POS_105', '0055_POS_113']",15,"['DHBW_OBJ_001', 'DHBW_OBJ_005', 'DHBW_OBJ_006', 'DHBW_OBJ_009', 'DHBW_OBJ_024', 'DHBW_OBJ_025', 'DHBW_OBJ_034', 'DHBW_OBJ_037', 'DHBW_OBJ_046', 'DHBW_OBJ_077', 'DHBW_OBJ_078', 'DHBW_OBJ_080', 'DHBW_OBJ_081', 'DHBW_OBJ_082', 'DHBW_OBJ_083']","[('0053_POS_105', '0055_POS_113')]"
G0204,2,False,"['0052_POS_089', '0053_POS_089']",14,"['DHBW_OBJ_012', 'DHBW_OBJ_013', 'DHBW_OBJ_014', 'DHBW_OBJ_021', 'DHBW_OBJ_022', 'DHBW_OBJ_085', 'DHBW_OBJ_086', 'DHBW_OBJ_087', 'DHBW_OBJ_088', 'DHBW_OBJ_089', 'DHBW_OBJ_090', 'DHBW_OBJ_091', 'DHBW_OBJ_092', 'DHBW_OBJ_093']","[('0052_POS_089', '0053_POS_089')]"
G0205,2,False,"['0052_POS_097', '0053_POS_105']",14,"['DHBW_OBJ_001', 'DHBW_OBJ_005', 'DHBW_OBJ_006', 'DHBW_OBJ_007', 'DHBW_OBJ_009', 'DHBW_OBJ_024', 'DHBW_OBJ_025', 'DHBW_OBJ_077', 'DHBW_OBJ_078', 'DHBW_OBJ_079', 'DHBW_OBJ_080', 'DHBW_OBJ_081', 'DHBW_OBJ_082', 'DHBW_OBJ_083']","[('0052_POS_097', '0053_POS_105')]"
G0206,2,False,"['0053_POS_073', '0054_POS_089']",14,"['DHBW_OBJ_017', 'DHBW_OBJ_018', 'DHBW_OBJ_020', 'DHBW_OBJ_054', 'DHBW_OBJ_055', 'DHBW_OBJ_058', 'DHBW_OBJ_074', 'DHBW_OBJ_075', 'DHBW_OBJ_104', 'DHBW_OBJ_105', 'DHBW_OBJ_106', 'DHBW_OBJ_121', 'DHBW_OBJ_122', 'DHBW_OBJ_123']","[('0053_POS_073', '0054_POS_089')]"
G0207,2,False,"['0051_POS_041', '0054_POS_073']",13,"['DHBW_OBJ_062', 'DHBW_OBJ_063', 'DHBW_OBJ_064', 'DHBW_OBJ_065', 'DHBW_OBJ_066', 'DHBW_OBJ_067', 'DHBW_OBJ_068', 'DHBW_OBJ_069', 'DHBW_OBJ_070', 'DHBW_OBJ_071', 'DHBW_OBJ_072', 'DHBW_OBJ_073', 'DHBW_OBJ_076']","[('0051_POS_041', '0054_POS_073')]"
G0208,2,False,"['0052_POS_057', '0053_POS_057']",13,"['DHBW_OBJ_063', 'DHBW_OBJ_064', 'DHBW_OBJ_065', 'DHBW_OBJ_066', 'DHBW_OBJ_067', 'DHBW_OBJ_068', 'DHBW_OBJ_069', 'DHBW_OBJ_071', 'DHBW_OBJ_072', 'DHBW_OBJ_073', 'DHBW_OBJ_113', 'DHBW_OBJ_114', 'DHBW_OBJ_115']","[('0052_POS_057', '0053_POS_057')]"
G0209,2,False,"['0052_POS_073', '0054_POS_089']",13,"['DHBW_OBJ_017', 'DHBW_OBJ_018', 'DHBW_OBJ_020', 'DHBW_OBJ_049', 'DHBW_OBJ_054', 'DHBW_OBJ_055', 'DHBW_OBJ_056', 'DHBW_OBJ_058', 'DHBW_OBJ_104', 'DHBW_OBJ_105', 'DHBW_OBJ_106', 'DHBW_OBJ_109', 'DHBW_OBJ_111']","[('0052_POS_073', '0054_POS_089')]"
G0210,2,False,"['0052_POS_089', '0054_POS_105']",13,"['DHBW_OBJ_012', 'DHBW_OBJ_013', 'DHBW_OBJ_014', 'DHBW_OBJ_021', 'DHBW_OBJ_022', 'DHBW_OBJ_061', 'DHBW_OBJ_085', 'DHBW_OBJ_086', 'DHBW_OBJ_087', 'DHBW_OBJ_090', 'DHBW_OBJ_091', 'DHBW_OBJ_092', 'DHBW_OBJ_093']","[('0052_POS_089', '0054_POS_105')]"
G0211,2,False,"['0052_POS_105', '0055_POS_113']",13,"['DHBW_OBJ_001', 'DHBW_OBJ_005', 'DHBW_OBJ_024', 'DHBW_OBJ_025', 'DHBW_OBJ_034', 'DHBW_OBJ_037', 'DHBW_OBJ_046', 'DHBW_OBJ_077', 'DHBW_OBJ_078', 'DHBW_OBJ_080', 'DHBW_OBJ_081', 'DHBW_OBJ_082', 'DHBW_OBJ_083']","[('0052_POS_105', '0055_POS_113')]"
G0212,2,False,"['0053_POS_065', '0055_POS_089']",13,"['DHBW_OBJ_054', 'DHBW_OBJ_062', 'DHBW_OBJ_066', 'DHBW_OBJ_067', 'DHBW_OBJ_068', 'DHBW_OBJ_069', 'DHBW_OBJ_070', 'DHBW_OBJ_072', 'DHBW_OBJ_073', 'DHBW_OBJ_076', 'DHBW_OBJ_104', 'DHBW_OBJ_106', 'DHBW_OBJ_117']","[('0053_POS_065', '0055_POS_089')]"
G0213,2,False,"['0053_POS_072', '0054_POS_089']",13,"['DHBW_OBJ_020', 'DHBW_OBJ_049', 'DHBW_OBJ_054', 'DHBW_OBJ_055', 'DHBW_OBJ_056', 'DHBW_OBJ_058', 'DHBW_OBJ_075', 'DHBW_OBJ_106', 'DHBW_OBJ_109', 'DHBW_OBJ_111', 'DHBW_OBJ_119', 'DHBW_OBJ_120', 'DHBW_OBJ_121']","[('0053_POS_072', '0054_POS_089')]"
G0214,2,False,"['0053_POS_089', '0054_POS_097']",13,"['DHBW_OBJ_012', 'DHBW_OBJ_013', 'DHBW_OBJ_014', 'DHBW_OBJ_015', 'DHBW_OBJ_016', 'DHBW_OBJ_085', 'DHBW_OBJ_086', 'DHBW_OBJ_087', 'DHBW_OBJ_097', 'DHBW_OBJ_098', 'DHBW_OBJ_100', 'DHBW_OBJ_125', 'DHBW_OBJ_126']","[('0053_POS_089', '0054_POS_097')]"
G0215,2,False,"['0053_POS_089', '0055_POS_113']",13,"['DHBW_OBJ_012', 'DHBW_OBJ_013', 'DHBW_OBJ_021', 'DHBW_OBJ_022', 'DHBW_OBJ_085', 'DHBW_OBJ_086', 'DHBW_OBJ_090', 'DHBW_OBJ_091', 'DHBW_OBJ_092', 'DHBW_OBJ_097', 'DHBW_OBJ_098', 'DHBW_OBJ_125', 'DHBW_OBJ_126']","[('0053_POS_089', '0055_POS_113')]"
G0216,2,False,"['0051_POS_041', '0052_POS_057']",12,"['DHBW_OBJ_062', 'DHBW_OBJ_063', 'DHBW_OBJ_064', 'DHBW_OBJ_065', 'DHBW_OBJ_066', 'DHBW_OBJ_067', 'DHBW_OBJ_068', 'DHBW_OBJ_069', 'DHBW_OBJ_070', 'DHBW_OBJ_071', 'DHBW_OBJ_072', 'DHBW_OBJ_073']","[('0051_POS_041', '0052_POS_057')]"
G0217,2,False,"['0051_POS_049', '0053_POS_081']",12,"['DHBW_OBJ_014', 'DHBW_OBJ_015', 'DHBW_OBJ_016', 'DHBW_OBJ_017', 'DHBW_OBJ_018', 'DHBW_OBJ_019', 'DHBW_OBJ_020', 'DHBW_OBJ_050', 'DHBW_OBJ_051', 'DHBW_OBJ_052', 'DHBW_OBJ_053', 'DHBW_OBJ_058']","[('0051_POS_049', '0053_POS_081')]"
G0218,2,False,"['0052_POS_057', '0055_POS_081']",12,"['DHBW_OBJ_063', 'DHBW_OBJ_064', 'DHBW_OBJ_065', 'DHBW_OBJ_066', 'DHBW_OBJ_067', 'DHBW_OBJ_068', 'DHBW_OBJ_069', 'DHBW_OBJ_072', 'DHBW_OBJ_073', 'DHBW_OBJ_113', 'DHBW_OBJ_114', 'DHBW_OBJ_115']","[('0052_POS_057', '0055_POS_081')]"
G0219,2,False,"['0052_POS_073', '0053_POS_073']",12,"['DHBW_OBJ_017', 'DHBW_OBJ_018', 'DHBW_OBJ_019', 'DHBW_OBJ_020', 'DHBW_OBJ_053', 'DHBW_OBJ_054', 'DHBW_OBJ_055', 'DHBW_OBJ_058', 'DHBW_OBJ_099', 'DHBW_OBJ_104', 'DHBW_OBJ_105', 'DHBW_OBJ_106']","[('0052_POS_073', '0053_POS_073')]"
G0220,2,False,"['0052_POS_073', '0055_POS_105']",12,"['DHBW_OBJ_015', 'DHBW_OBJ_016', 'DHBW_OBJ_017', 'DHBW_OBJ_018', 'DHBW_OBJ_020', 'DHBW_OBJ_049', 'DHBW_OBJ_058', 'DHBW_OBJ_096', 'DHBW_OBJ_097', 'DHBW_OBJ_098', 'DHBW_OBJ_107', 'DHBW_OBJ_109']","[('0052_POS_073', '0055_POS_105')]"
G0221,2,False,"['0052_POS_097', '0054_POS_105']",12,"['DHBW_OBJ_006', 'DHBW_OBJ_009', 'DHBW_OBJ_021', 'DHBW_OBJ_022', 'DHBW_OBJ_081', 'DHBW_OBJ_082', 'DHBW_OBJ_083', 'DHBW_OBJ_084', 'DHBW_OBJ_090', 'DHBW_OBJ_091', 'DHBW_OBJ_092', 'DHBW_OBJ_093']","[('0052_POS_097', '0054_POS_105')]"
G0222,2,False,"['0053_POS_065', '0054_POS_073']",12,"['DHBW_OBJ_062', 'DHBW_OBJ_066', 'DHBW_OBJ_067', 'DHBW_OBJ_068', 'DHBW_OBJ_069', 'DHBW_OBJ_070', 'DHBW_OBJ_071', 'DHBW_OBJ_072', 'DHBW_OBJ_073', 'DHBW_OBJ_076', 'DHBW_OBJ_113', 'DHBW_OBJ_117']","[('0053_POS_065', '0054_POS_073')]"
G0223,2,False,"['0051_POS_041', '0053_POS_057']",11,"['DHBW_OBJ_063', 'DHBW_OBJ_064', 'DHBW_OBJ_065', 'DHBW_OBJ_066', 'DHBW_OBJ_067', 'DHBW_OBJ_068', 'DHBW_OBJ_069', 'DHBW_OBJ_071', 'DHBW_OBJ_072', 'DHBW_OBJ_073', 'DHBW_OBJ_076']","[('0051_POS_041', '0053_POS_057')]"
G0224,2,False,"['0052_POS_073', '0053_POS_072']",11,"['DHBW_OBJ_019', 'DHBW_OBJ_020', 'DHBW_OBJ_049', 'DHBW_OBJ_054', 'DHBW_OBJ_055', 'DHBW_OBJ_056', 'DHBW_OBJ_058', 'DHBW_OBJ_103', 'DHBW_OBJ_106', 'DHBW_OBJ_109', 'DHBW_OBJ_111']","[('0052_POS_073', '0053_POS_072')]"
G0225,2,False,"['0053_POS_081', '0054_POS_097']",11,"['DHBW_OBJ_014', 'DHBW_OBJ_015', 'DHBW_OBJ_016', 'DHBW_OBJ_087', 'DHBW_OBJ_096', 'DHBW_OBJ_097', 'DHBW_OBJ_098', 'DHBW_OBJ_100', 'DHBW_OBJ_122', 'DHBW_OBJ_123', 'DHBW_OBJ_124']","[('0053_POS_081', '0054_POS_097')]"
G0226,2,False,"['0053_POS_081', '0055_POS_105']",11,"['DHBW_OBJ_015', 'DHBW_OBJ_016', 'DHBW_OBJ_017', 'DHBW_OBJ_018', 'DHBW_OBJ_020', 'DHBW_OBJ_058', 'DHBW_OBJ_096', 'DHBW_OBJ_097', 'DHBW_OBJ_098', 'DHBW_OBJ_122', 'DHBW_OBJ_123']","[('0053_POS_081', '0055_POS_105')]"
G0227,2,False,"['0054_POS_097', '0055_POS_113']",11,"['DHBW_OBJ_012', 'DHBW_OBJ_013', 'DHBW_OBJ_061', 'DHBW_OBJ_085', 'DHBW_OBJ_086', 'DHBW_OBJ_096', 'DHBW_OBJ_097', 'DHBW_OBJ_098', 'DHBW_OBJ_107', 'DHBW_OBJ_125', 'DHBW_OBJ_126']","[('0054_POS_097', '0055_POS_113')]"
G0228,2,False,"['0054_POS_105', '0055_POS_105']",11,"['DHBW_OBJ_012', 'DHBW_OBJ_013', 'DHBW_OBJ_061', 'DHBW_OBJ_085', 'DHBW_OBJ_086', 'DHBW_OBJ_096', 'DHBW_OBJ_097', 'DHBW_OBJ_098', 'DHBW_OBJ_107', 'DHBW_OBJ_125', 'DHBW_OBJ_126']","[('0054_POS_105', '0055_POS_105')]"
G0229,2,False,"['0051_POS_041', '0053_POS_065']",10,"['DHBW_OBJ_062', 'DHBW_OBJ_066', 'DHBW_OBJ_067', 'DHBW_OBJ_068', 'DHBW_OBJ_069', 'DHBW_OBJ_070', 'DHBW_OBJ_071', 'DHBW_OBJ_072', 'DHBW_OBJ_073', 'DHBW_OBJ_076']","[('0051_POS_041', '0053_POS_065')]"
G0230,2,False,"['0051_POS_041', '0055_POS_081']",10,"['DHBW_OBJ_063', 'DHBW_OBJ_064', 'DHBW_OBJ_065', 'DHBW_OBJ_066', 'DHBW_OBJ_067', 'DHBW_OBJ_068', 'DHBW_OBJ_069', 'DHBW_OBJ_072', 'DHBW_OBJ_073', 'DHBW_OBJ_076']","[('0051_POS_041', '0055_POS_081')]"
G0231,2,False,"['0051_POS_049', '0053_POS_073']",10,"['DHBW_OBJ_017', 'DHBW_OBJ_018', 'DHBW_OBJ_019', 'DHBW_OBJ_020', 'DHBW_OBJ_053', 'DHBW_OBJ_054', 'DHBW_OBJ_055', 'DHBW_OBJ_058', 'DHBW_OBJ_074', 'DHBW_OBJ_075']","[('0051_POS_049', '0053_POS_073')]"
G0232,2,False,"['0051_POS_049', '0054_POS_089']",10,"['DHBW_OBJ_017', 'DHBW_OBJ_018', 'DHBW_OBJ_020', 'DHBW_OBJ_049', 'DHBW_OBJ_054', 'DHBW_OBJ_055', 'DHBW_OBJ_056', 'DHBW_OBJ_058', 'DHBW_OBJ_074', 'DHBW_OBJ_075']","[('0051_POS_049', '0054_POS_089')]"
G0233,2,False,"['0051_POS_049', '0055_POS_105']",10,"['DHBW_OBJ_012', 'DHBW_OBJ_013', 'DHBW_OBJ_015', 'DHBW_OBJ_016', 'DHBW_OBJ_017', 'DHBW_OBJ_018', 'DHBW_OBJ_020', 'DHBW_OBJ_049', 'DHBW_OBJ_058', 'DHBW_OBJ_061']","[('0051_POS_049', '0055_POS_105')]"
G0234,2,False,"['0052_POS_057', '0053_POS_065']",10,"['DHBW_OBJ_062', 'DHBW_OBJ_066', 'DHBW_OBJ_067', 'DHBW_OBJ_068', 'DHBW_OBJ_069', 'DHBW_OBJ_070', 'DHBW_OBJ_071', 'DHBW_OBJ_072', 'DHBW_OBJ_073', 'DHBW_OBJ_113']","[('0052_POS_057', '0053_POS_065')]"
G0235,2,False,"['0052_POS_089', '0053_POS_088']",10,"['DHBW_OBJ_012', 'DHBW_OBJ_021', 'DHBW_OBJ_048', 'DHBW_OBJ_061', 'DHBW_OBJ_086', 'DHBW_OBJ_087', 'DHBW_OBJ_088', 'DHBW_OBJ_093', 'DHBW_OBJ_094', 'DHBW_OBJ_095']","[('0052_POS_089', '0053_POS_088')]"
G0236,2,False,"['0052_POS_089', '0055_POS_113']",10,"['DHBW_OBJ_012', 'DHBW_OBJ_013', 'DHBW_OBJ_021', 'DHBW_OBJ_022', 'DHBW_OBJ_061', 'DHBW_OBJ_085', 'DHBW_OBJ_086', 'DHBW_OBJ_090', 'DHBW_OBJ_091', 'DHBW_OBJ_092']","[('0052_POS_089', '0055_POS_113')]"
G0237,2,False,"['0053_POS_080', '0054_POS_097']",10,"['DHBW_OBJ_016', 'DHBW_OBJ_057', 'DHBW_OBJ_061', 'DHBW_OBJ_087', 'DHBW_OBJ_094', 'DHBW_OBJ_098', 'DHBW_OBJ_100', 'DHBW_OBJ_107', 'DHBW_OBJ_109', 'DHBW_OBJ_124']","[('0053_POS_080', '0054_POS_097')]"
G0238,2,False,"['0053_POS_088', '0054_POS_097']",10,"['DHBW_OBJ_012', 'DHBW_OBJ_016', 'DHBW_OBJ_057', 'DHBW_OBJ_061', 'DHBW_OBJ_086', 'DHBW_OBJ_087', 'DHBW_OBJ_094', 'DHBW_OBJ_098', 'DHBW_OBJ_100', 'DHBW_OBJ_107']","[('0053_POS_088', '0054_POS_097')]"
G0239,2,False,"['0053_POS_088', '0054_POS_105']",10,"['DHBW_OBJ_012', 'DHBW_OBJ_021', 'DHBW_OBJ_061', 'DHBW_OBJ_084', 'DHBW_OBJ_086', 'DHBW_OBJ_087', 'DHBW_OBJ_093', 'DHBW_OBJ_098', 'DHBW_OBJ_100', 'DHBW_OBJ_107']","[('0053_POS_088', '0054_POS_105')]"
G0240,2,False,"['0053_POS_089', '0055_POS_105']",10,"['DHBW_OBJ_012', 'DHBW_OBJ_013', 'DHBW_OBJ_015', 'DHBW_OBJ_016', 'DHBW_OBJ_085', 'DHBW_OBJ_086', 'DHBW_OBJ_097', 'DHBW_OBJ_098', 'DHBW_OBJ_125', 'DHBW_OBJ_126']","[('0053_POS_089', '0055_POS_105')]"
G0241,2,False,"['0054_POS_089', '0055_POS_089']",10,"['DHBW_OBJ_054', 'DHBW_OBJ_104', 'DHBW_OBJ_106', 'DHBW_OBJ_111', 'DHBW_OBJ_119', 'DHBW_OBJ_134', 'DHBW_OBJ_135', 'DHBW_OBJ_136', 'DHBW_OBJ_137', 'DHBW_OBJ_138']","[('0054_POS_089', '0055_POS_089')]"
G0242,2,False,"['0054_POS_089', '0055_POS_105']",10,"['DHBW_OBJ_017', 'DHBW_OBJ_018', 'DHBW_OBJ_020', 'DHBW_OBJ_049', 'DHBW_OBJ_058', 'DHBW_OBJ_109', 'DHBW_OBJ_120', 'DHBW_OBJ_121', 'DHBW_OBJ_122', 'DHBW_OBJ_123']","[('0054_POS_089', '0055_POS_105')]"
G0243,2,False,"['0051_POS_041', '0055_POS_089']",9,"['DHBW_OBJ_062', 'DHBW_OBJ_066', 'DHBW_OBJ_067', 'DHBW_OBJ_068', 'DHBW_OBJ_069', 'DHBW_OBJ_070', 'DHBW_OBJ_072', 'DHBW_OBJ_073', 'DHBW_OBJ_076']","[('0051_POS_041', '0055_POS_089')]"
G0244,2,False,"['0051_POS_065', '0052_POS_097']",9,"['DHBW_OBJ_001', 'DHBW_OBJ_005', 'DHBW_OBJ_006', 'DHBW_OBJ_007', 'DHBW_OBJ_009', 'DHBW_OBJ_010', 'DHBW_OBJ_011', 'DHBW_OBJ_024', 'DHBW_OBJ_025']","[('0051_POS_065', '0052_POS_097')]"
G0245,2,False,"['0052_POS_073', '0054_POS_097']",9,"['DHBW_OBJ_015', 'DHBW_OBJ_016', 'DHBW_OBJ_057', 'DHBW_OBJ_096', 'DHBW_OBJ_097', 'DHBW_OBJ_098', 'DHBW_OBJ_100', 'DHBW_OBJ_107', 'DHBW_OBJ_109']","[('0052_POS_073', '0054_POS_097')]"
G0246,2,False,"['0053_POS_065', '0055_POS_081']",9,"['DHBW_OBJ_066', 'DHBW_OBJ_067', 'DHBW_OBJ_068', 'DHBW_OBJ_069', 'DHBW_OBJ_072', 'DHBW_OBJ_073', 'DHBW_OBJ_076', 'DHBW_OBJ_113', 'DHBW_OBJ_117']","[('0053_POS_065', '0055_POS_081')]"
G0247,2,False,"['0051_POS_049', '0053_POS_072']",8,"['DHBW_OBJ_019', 'DHBW_OBJ_020', 'DHBW_OBJ_049', 'DHBW_OBJ_054', 'DHBW_OBJ_055', 'DHBW_OBJ_056', 'DHBW_OBJ_058', 'DHBW_OBJ_075']","[('0051_POS_049', '0053_POS_072')]"
G0248,2,False,"['0051_POS_049', '0053_POS_080']",8,"['DHBW_OBJ_016', 'DHBW_OBJ_019', 'DHBW_OBJ_020', 'DHBW_OBJ_049', 'DHBW_OBJ_052', 'DHBW_OBJ_057', 'DHBW_OBJ_058', 'DHBW_OBJ_061']","[('0051_POS_049', '0053_POS_080')]"
G0249,2,False,"['0051_POS_049', '0053_POS_089']",8,"['DHBW_OBJ_012', 'DHBW_OBJ_013', 'DHBW_OBJ_014', 'DHBW_OBJ_015', 'DHBW_OBJ_016', 'DHBW_OBJ_050', 'DHBW_OBJ_051', 'DHBW_OBJ_052']","[('0051_POS_049', '0053_POS_089')]"
G0250,2,False,"['0052_POS_057', '0055_POS_089']",8,"['DHBW_OBJ_062', 'DHBW_OBJ_066', 'DHBW_OBJ_067', 'DHBW_OBJ_068', 'DHBW_OBJ_069', 'DHBW_OBJ_070', 'DHBW_OBJ_072', 'DHBW_OBJ_073']","[('0052_POS_057', '0055_POS_089')]"
G0251,2,False,"['0052_POS_073', '0053_POS_089']",8,"['DHBW_OBJ_015', 'DHBW_OBJ_016', 'DHBW_OBJ_050', 'DHBW_OBJ_051', 'DHBW_OBJ_052', 'DHBW_OBJ_097', 'DHBW_OBJ_098', 'DHBW_OBJ_100']","[('0052_POS_073', '0053_POS_089')]"
G0252,2,False,"['0052_POS_089', '0054_POS_097']",8,"['DHBW_OBJ_012', 'DHBW_OBJ_013', 'DHBW_OBJ_014', 'DHBW_OBJ_061', 'DHBW_OBJ_085', 'DHBW_OBJ_086', 'DHBW_OBJ_087', 'DHBW_OBJ_094']","[('0052_POS_089', '0054_POS_097')]"
G0253,2,False,"['0053_POS_057', '0055_POS_089']",8,"['DHBW_OBJ_066', 'DHBW_OBJ_067', 'DHBW_OBJ_068', 'DHBW_OBJ_069', 'DHBW_OBJ_072', 'DHBW_OBJ_073', 'DHBW_OBJ_076', 'DHBW_OBJ_117']","[('0053_POS_057', '0055_POS_089')]"
G0254,2,False,"['0053_POS_064', '0055_POS_089']",8,"['DHBW_OBJ_054', 'DHBW_OBJ_069', 'DHBW_OBJ_070', 'DHBW_OBJ_076', 'DHBW_OBJ_106', 'DHBW_OBJ_111', 'DHBW_OBJ_117', 'DHBW_OBJ_118']","[('0053_POS_064', '0055_POS_089')]"
G0255,2,False,"['0053_POS_080', '0055_POS_105']",8,"['DHBW_OBJ_016', 'DHBW_OBJ_020', 'DHBW_OBJ_049', 'DHBW_OBJ_058', 'DHBW_OBJ_061', 'DHBW_OBJ_098', 'DHBW_OBJ_107', 'DHBW_OBJ_109']","[('0053_POS_080', '0055_POS_105')]"
G0256,2,False,"['0051_POS_049', '0054_POS_097']",7,"['DHBW_OBJ_012', 'DHBW_OBJ_013', 'DHBW_OBJ_014', 'DHBW_OBJ_015', 'DHBW_OBJ_016', 'DHBW_OBJ_057', 'DHBW_OBJ_061']","[('0051_POS_049', '0054_POS_097')]"
G0257,2,False,"['0051_POS_065', '0053_POS_105']",7,"['DHBW_OBJ_001', 'DHBW_OBJ_005', 'DHBW_OBJ_006', 'DHBW_OBJ_007', 'DHBW_OBJ_009', 'DHBW_OBJ_024', 'DHBW_OBJ_025']","[('0051_POS_065', '0053_POS_105')]"
G0258,2,False,"['0053_POS_073', '0055_POS_105']",7,"['DHBW_OBJ_017', 'DHBW_OBJ_018', 'DHBW_OBJ_020', 'DHBW_OBJ_058', 'DHBW_OBJ_121', 'DHBW_OBJ_122', 'DHBW_OBJ_123']","[('0053_POS_073', '0055_POS_105')]"
G0259,2,False,"['0053_POS_088', '0055_POS_113']",7,"['DHBW_OBJ_012', 'DHBW_OBJ_021', 'DHBW_OBJ_061', 'DHBW_OBJ_084', 'DHBW_OBJ_086', 'DHBW_OBJ_098', 'DHBW_OBJ_107']","[('0053_POS_088', '0055_POS_113')]"
G0260,2,False,"['0051_POS_049', '0052_POS_089']",6,"['DHBW_OBJ_012', 'DHBW_OBJ_013', 'DHBW_OBJ_014', 'DHBW_OBJ_059', 'DHBW_OBJ_060', 'DHBW_OBJ_061']","[('0051_POS_049', '0052_POS_089')]"
G0261,2,False,"['0051_POS_065', '0054_POS_113']",6,"['DHBW_OBJ_001', 'DHBW_OBJ_005', 'DHBW_OBJ_006', 'DHBW_OBJ_009', 'DHBW_OBJ_024', 'DHBW_OBJ_025']","[('0051_POS_065', '0054_POS_113')]"
G0262,2,False,"['0051_POS_065', '0055_POS_113']",6,"['DHBW_OBJ_001', 'DHBW_OBJ_005', 'DHBW_OBJ_006', 'DHBW_OBJ_009', 'DHBW_OBJ_024', 'DHBW_OBJ_025']","[('0051_POS_065', '0055_POS_113')]"
G0263,2,False,"['0051_POS_073', '0055_POS_113']",6,"['DHBW_OBJ_001', 'DHBW_OBJ_024', 'DHBW_OBJ_025', 'DHBW_OBJ_034', 'DHBW_OBJ_037', 'DHBW_OBJ_046']","[('0051_POS_073', '0055_POS_113')]"
G0264,2,False,"['0052_POS_073', '0053_POS_088']",6,"['DHBW_OBJ_016', 'DHBW_OBJ_052', 'DHBW_OBJ_057', 'DHBW_OBJ_098', 'DHBW_OBJ_100', 'DHBW_OBJ_107']","[('0052_POS_073', '0053_POS_088')]"
G0265,2,False,"['0052_POS_097', '0053_POS_089']",6,"['DHBW_OBJ_021', 'DHBW_OBJ_022', 'DHBW_OBJ_090', 'DHBW_OBJ_091', 'DHBW_OBJ_092', 'DHBW_OBJ_093']","[('0052_POS_097', '0053_POS_089')]"
G0266,2,False,"['0053_POS_064', '0054_POS_073']",6,"['DHBW_OBJ_069', 'DHBW_OBJ_070', 'DHBW_OBJ_071', 'DHBW_OBJ_076', 'DHBW_OBJ_117', 'DHBW_OBJ_118']","[('0053_POS_064', '0054_POS_073')]"
G0267,2,False,"['0053_POS_072', '0055_POS_105']",6,"['DHBW_OBJ_020', 'DHBW_OBJ_049', 'DHBW_OBJ_058', 'DHBW_OBJ_109', 'DHBW_OBJ_120', 'DHBW_OBJ_121']","[('0053_POS_072', '0055_POS_105')]"
G0268,2,False,"['0053_POS_081', '0054_POS_089']",6,"['DHBW_OBJ_017', 'DHBW_OBJ_018', 'DHBW_OBJ_020', 'DHBW_OBJ_058', 'DHBW_OBJ_122', 'DHBW_OBJ_123']","[('0053_POS_081', '0054_POS_089')]"
G0269,2,False,"['0053_POS_081', '0054_POS_105']",6,"['DHBW_OBJ_014', 'DHBW_OBJ_087', 'DHBW_OBJ_096', 'DHBW_OBJ_097', 'DHBW_OBJ_098', 'DHBW_OBJ_100']","[('0053_POS_081', '0054_POS_105')]"
G0270,2,False,"['0053_POS_088', '0055_POS_105']",6,"['DHBW_OBJ_012', 'DHBW_OBJ_016', 'DHBW_OBJ_061', 'DHBW_OBJ_086', 'DHBW_OBJ_098', 'DHBW_OBJ_107']","[('0053_POS_088', '0055_POS_105')]"
G0271,2,False,"['0051_POS_049', '0053_POS_088']",5,"['DHBW_OBJ_012', 'DHBW_OBJ_016', 'DHBW_OBJ_052', 'DHBW_OBJ_057', 'DHBW_OBJ_061']","[('0051_POS_049', '0053_POS_088')]"
G0272,2,False,"['0051_POS_065', '0052_POS_105']",5,"['DHBW_OBJ_001', 'DHBW_OBJ_005', 'DHBW_OBJ_023', 'DHBW_OBJ_024', 'DHBW_OBJ_025']","[('0051_POS_065', '0052_POS_105')]"
G0273,2,False,"['0052_POS_073', '0053_POS_064']",5,"['DHBW_OBJ_054', 'DHBW_OBJ_055', 'DHBW_OBJ_056', 'DHBW_OBJ_106', 'DHBW_OBJ_111']","[('0052_POS_073', '0053_POS_064')]"
G0274,2,False,"['0052_POS_073', '0053_POS_065']",5,"['DHBW_OBJ_054', 'DHBW_OBJ_055', 'DHBW_OBJ_104', 'DHBW_OBJ_106', 'DHBW_OBJ_112']","[('0052_POS_073', '0053_POS_065')]"
G0275,2,False,"['0052_POS_073', '0054_POS_105']",5,"['DHBW_OBJ_096', 'DHBW_OBJ_097', 'DHBW_OBJ_098', 'DHBW_OBJ_100', 'DHBW_OBJ_107']","[('0052_POS_073', '0054_POS_105')]"
G0276,2,False,"['0052_POS_089', '0055_POS_105']",5,"['DHBW_OBJ_012', 'DHBW_OBJ_013', 'DHBW_OBJ_061', 'DHBW_OBJ_085', 'DHBW_OBJ_086']","[('0052_POS_089', '0055_POS_105')]"
G0277,2,False,"['0053_POS_064', '0054_POS_089']",5,"['DHBW_OBJ_054', 'DHBW_OBJ_055', 'DHBW_OBJ_056', 'DHBW_OBJ_106', 'DHBW_OBJ_111']","[('0053_POS_064', '0054_POS_089')]"
G0278,2,False,"['0053_POS_080', '0054_POS_105']",5,"['DHBW_OBJ_061', 'DHBW_OBJ_087', 'DHBW_OBJ_098', 'DHBW_OBJ_100', 'DHBW_OBJ_107']","[('0053_POS_080', '0054_POS_105')]"
G0279,2,False,"['0053_POS_105', '0054_POS_105']",5,"['DHBW_OBJ_006', 'DHBW_OBJ_009', 'DHBW_OBJ_081', 'DHBW_OBJ_082', 'DHBW_OBJ_083']","[('0053_POS_105', '0054_POS_105')]"
G0280,2,False,"['0051_POS_041', '0053_POS_064']",4,"['DHBW_OBJ_069', 'DHBW_OBJ_070', 'DHBW_OBJ_071', 'DHBW_OBJ_076']","[('0051_POS_041', '0053_POS_064')]"
G0281,2,False,"['0051_POS_049', '0054_POS_105']",4,"['DHBW_OBJ_012', 'DHBW_OBJ_013', 'DHBW_OBJ_014', 'DHBW_OBJ_061']","[('0051_POS_049', '0054_POS_105')]"
G0282,2,False,"['0052_POS_073', '0055_POS_089']",4,"['DHBW_OBJ_054', 'DHBW_OBJ_104', 'DHBW_OBJ_106', 'DHBW_OBJ_111']","[('0052_POS_073', '0055_POS_089')]"
G0283,2,False,"['0052_POS_073', '0055_POS_113']",4,"['DHBW_OBJ_096', 'DHBW_OBJ_097', 'DHBW_OBJ_098', 'DHBW_OBJ_107']","[('0052_POS_073', '0055_POS_113')]"
G0284,2,False,"['0052_POS_089', '0054_POS_113']",4,"['DHBW_OBJ_022', 'DHBW_OBJ_090', 'DHBW_OBJ_091', 'DHBW_OBJ_092']","[('0052_POS_089', '0054_POS_113')]"
G0285,2,False,"['0052_POS_097', '0053_POS_088']",4,"['DHBW_OBJ_021', 'DHBW_OBJ_048', 'DHBW_OBJ_084', 'DHBW_OBJ_093']","[('0052_POS_097', '0053_POS_088')]"
G0286,2,False,"['0053_POS_064', '0055_POS_081']",4,"['DHBW_OBJ_069', 'DHBW_OBJ_076', 'DHBW_OBJ_117', 'DHBW_OBJ_118']","[('0053_POS_064', '0055_POS_081')]"
G0287,2,False,"['0053_POS_065', '0054_POS_089']",4,"['DHBW_OBJ_054', 'DHBW_OBJ_055', 'DHBW_OBJ_104', 'DHBW_OBJ_106']","[('0053_POS_065', '0054_POS_089')]"
G0288,2,False,"['0053_POS_072', '0055_POS_089']",4,"['DHBW_OBJ_054', 'DHBW_OBJ_106', 'DHBW_OBJ_111', 'DHBW_OBJ_119']","[('0053_POS_072', '0055_POS_089')]"
G0289,2,False,"['0053_POS_080', '0054_POS_089']",4,"['DHBW_OBJ_020', 'DHBW_OBJ_049', 'DHBW_OBJ_058', 'DHBW_OBJ_109']","[('0053_POS_080', '0054_POS_089')]"
G0290,2,False,"['0053_POS_089', '0054_POS_113']",4,"['DHBW_OBJ_022', 'DHBW_OBJ_090', 'DHBW_OBJ_091', 'DHBW_OBJ_092']","[('0053_POS_089', '0054_POS_113')]"
G0291,4,True,"['0050_POS_041', '0051_POS_049', '0052_POS_073', '0053_POS_081']",6,"['DHBW_OBJ_015', 'DHBW_OBJ_016', 'DHBW_OBJ_017', 'DHBW_OBJ_018', 'DHBW_OBJ_019', 'DHBW_OBJ_020']","[('0050_POS_041', '0051_POS_049'), ('0050_POS_041', '0052_POS_073'), ('0050_POS_041', '0053_POS_081'), ('0051_POS_049', '0052_POS_073'), ('0051_POS_049', '0053_POS_081'), ('0052_POS_073', '0053_POS_081')]"
G0292,4,True,"['0050_POS_041', '0051_POS_049', '0052_POS_073', '0055_POS_105']",5,"['DHBW_OBJ_015', 'DHBW_OBJ_016', 'DHBW_OBJ_017', 'DHBW_OBJ_018', 'DHBW_OBJ_020']","[('0050_POS_041', '0051_POS_049'), ('0050_POS_041', '0052_POS_073'), ('0050_POS_041', '0055_POS_105'), ('0051_POS_049', '0052_POS_073'), ('0051_POS_049', '0055_POS_105'), ('0052_POS_073', '0055_POS_105')]"
G0293,4,True,"['0050_POS_041', '0051_POS_049', '0053_POS_081', '0055_POS_105']",5,"['DHBW_OBJ_015', 'DHBW_OBJ_016', 'DHBW_OBJ_017', 'DHBW_OBJ_018', 'DHBW_OBJ_020']","[('0050_POS_041', '0051_POS_049'), ('0050_POS_041', '0053_POS_081'), ('0050_POS_041', '0055_POS_105'), ('0051_POS_049', '0053_POS_081'), ('0051_POS_049', '0055_POS_105'), ('0053_POS_081', '0055_POS_105')]"
G0294,4,True,"['0050_POS_041', '0051_POS_049', '0053_POS_089', '0054_POS_097']",5,"['DHBW_OBJ_012', 'DHBW_OBJ_013', 'DHBW_OBJ_014', 'DHBW_OBJ_015', 'DHBW_OBJ_016']","[('0050_POS_041', '0051_POS_049'), ('0050_POS_041', '0053_POS_089'), ('0050_POS_041', '0054_POS_097'), ('0051_POS_049', '0053_POS_089'), ('0051_POS_049', '0054_POS_097'), ('0053_POS_089', '0054_POS_097')]"
G0295,4,True,"['0050_POS_041', '0051_POS_065', '0052_POS_097', '0053_POS_105']",5,"['DHBW_OBJ_001', 'DHBW_OBJ_005', 'DHBW_OBJ_006', 'DHBW_OBJ_007', 'DHBW_OBJ_009']","[('0050_POS_041', '0051_POS_065'), ('0050_POS_041', '0052_POS_097'), ('0050_POS_041', '0053_POS_105'), ('0051_POS_065', '0052_POS_097'), ('0051_POS_065', '0053_POS_105'), ('0052_POS_097', '0053_POS_105')]"
G0296,4,True,"['0050_POS_041', '0052_POS_073', '0053_POS_081', '0055_POS_105']",5,"['DHBW_OBJ_015', 'DHBW_OBJ_016', 'DHBW_OBJ_017', 'DHBW_OBJ_018', 'DHBW_OBJ_020']","[('0050_POS_041', '0052_POS_073'), ('0050_POS_041', '0053_POS_081'), ('0050_POS_041', '0055_POS_105'), ('0052_POS_073', '0053_POS_081'), ('0052_POS_073', '0055_POS_105'), ('0053_POS_081', '0055_POS_105')]"
G0297,4,True,"['0050_POS_041', '0052_POS_089', '0053_POS_089', '0054_POS_105']",5,"['DHBW_OBJ_012', 'DHBW_OBJ_013', 'DHBW_OBJ_014', 'DHBW_OBJ_021', 'DHBW_OBJ_022']","[('0050_POS_041', '0052_POS_089'), ('0050_POS_041', '0053_POS_089'), ('0050_POS_041', '0054_POS_105'), ('0052_POS_089', '0053_POS_089'), ('0052_POS_089', '0054_POS_105'), ('0053_POS_089', '0054_POS_105')]"
G0298,4,True,"['0050_POS_041', '0052_POS_097', '0054_POS_113', '0055_POS_113']",5,"['DHBW_OBJ_001', 'DHBW_OBJ_005', 'DHBW_OBJ_006', 'DHBW_OBJ_009', 'DHBW_OBJ_022']","[('0050_POS_041', '0052_POS_097'), ('0050_POS_041', '0054_POS_113'), ('0050_POS_041', '0055_POS_113'), ('0052_POS_097', '0054_POS_113'), ('0052_POS_097', '0055_POS_113'), ('0054_POS_113', '0055_POS_113')]"
G0299,4,True,"['0050_POS_041', '0051_POS_049', '0052_POS_073', '0053_POS_073']",4,"['DHBW_OBJ_017', 'DHBW_OBJ_018', 'DHBW_OBJ_019', 'DHBW_OBJ_020']","[('0050_POS_041', '0051_POS_049'), ('0050_POS_041', '0052_POS_073'), ('0050_POS_041', '0053_POS_073'), ('0051_POS_049', '0052_POS_073'), ('0051_POS_049', '0053_POS_073'), ('0052_POS_073', '0053_POS_073')]"
G0300,4,True,"['0050_POS_041', '0051_POS_049', '0053_POS_089', '0055_POS_105']",4,"['DHBW_OBJ_012', 'DHBW_OBJ_013', 'DHBW_OBJ_015', 'DHBW_OBJ_016']","[('0050_POS_041', '0051_POS_049'), ('0050_POS_041', '0053_POS_089'), ('0050_POS_041', '0055_POS_105'), ('0051_POS_049', '0053_POS_089'), ('0051_POS_049', '0055_POS_105'), ('0053_POS_089', '0055_POS_105')]"
G0301,4,True,"['0050_POS_041', '0051_POS_049', '0054_POS_097', '0055_POS_105']",4,"['DHBW_OBJ_012', 'DHBW_OBJ_013', 'DHBW_OBJ_015', 'DHBW_OBJ_016']","[('0050_POS_041', '0051_POS_049'), ('0050_POS_041', '0054_POS_097'), ('0050_POS_041', '0055_POS_105'), ('0051_POS_049', '0054_POS_097'), ('0051_POS_049', '0055_POS_105'), ('0054_POS_097', '0055_POS_105')]"
G0302,4,True,"['0050_POS_041', '0051_POS_065', '0052_POS_097', '0054_POS_113']",4,"['DHBW_OBJ_001', 'DHBW_OBJ_005', 'DHBW_OBJ_006', 'DHBW_OBJ_009']","[('0050_POS_041', '0051_POS_065'), ('0050_POS_041', '0052_POS_097'), ('0050_POS_041', '0054_POS_113'), ('0051_POS_065', '0052_POS_097'), ('0051_POS_065', '0054_POS_113'), ('0052_POS_097', '0054_POS_113')]"
G0303,4,True,"['0050_POS_041', '0051_POS_065', '0052_POS_097', '0055_POS_113']",4,"['DHBW_OBJ_001', 'DHBW_OBJ_005', 'DHBW_OBJ_006', 'DHBW_OBJ_009']","[('0050_POS_041', '0051_POS_065'), ('0050_POS_041', '0052_POS_097'), ('0050_POS_041', '0055_POS_113'), ('0051_POS_065', '0052_POS_097'), ('0051_POS_065', '0055_POS_113'), ('0052_POS_097', '0055_POS_113')]"
G0304,4,True,"['0050_POS_041', '0051_POS_065', '0053_POS_105', '0054_POS_113']",4,"['DHBW_OBJ_001', 'DHBW_OBJ_005', 'DHBW_OBJ_006', 'DHBW_OBJ_009']","[('0050_POS_041', '0051_POS_065'), ('0050_POS_041', '0053_POS_105'), ('0050_POS_041', '0054_POS_113'), ('0051_POS_065', '0053_POS_105'), ('0051_POS_065', '0054_POS_113'), ('0053_POS_105', '0054_POS_113')]"
G0305,4,True,"['0050_POS_041', '0051_POS_065', '0053_POS_105', '0055_POS_113']",4,"['DHBW_OBJ_001', 'DHBW_OBJ_005', 'DHBW_OBJ_006', 'DHBW_OBJ_009']","[('0050_POS_041', '0051_POS_065'), ('0050_POS_041', '0053_POS_105'), ('0050_POS_041', '0055_POS_113'), ('0051_POS_065', '0053_POS_105'), ('0051_POS_065', '0055_POS_113'), ('0053_POS_105', '0055_POS_113')]"
G0306,4,True,"['0050_POS_041', '0051_POS_065', '0054_POS_113', '0055_POS_113']",4,"['DHBW_OBJ_001', 'DHBW_OBJ_005', 'DHBW_OBJ_006', 'DHBW_OBJ_009']","[('0050_POS_041', '0051_POS_065'), ('0050_POS_041', '0054_POS_113'), ('0050_POS_041', '0055_POS_113'), ('0051_POS_065', '0054_POS_113'), ('0051_POS_065', '0055_POS_113'), ('0054_POS_113', '0055_POS_113')]"
G0307,4,True,"['0050_POS_041', '0052_POS_089', '0053_POS_089', '0055_POS_113']",4,"['DHBW_OBJ_012', 'DHBW_OBJ_013', 'DHBW_OBJ_021', 'DHBW_OBJ_022']","[('0050_POS_041', '0052_POS_089'), ('0050_POS_041', '0053_POS_089'), ('0050_POS_041', '0055_POS_113'), ('0052_POS_089', '0053_POS_089'), ('0052_POS_089', '0055_POS_113'), ('0053_POS_089', '0055_POS_113')]"
G0308,4,True,"['0050_POS_041', '0052_POS_089', '0054_POS_105', '0055_POS_113']",4,"['DHBW_OBJ_012', 'DHBW_OBJ_013', 'DHBW_OBJ_021', 'DHBW_OBJ_022']","[('0050_POS_041', '0052_POS_089'), ('0050_POS_041', '0054_POS_105'), ('0050_POS_041', '0055_POS_113'), ('0052_POS_089', '0054_POS_105'), ('0052_POS_089', '0055_POS_113'), ('0054_POS_105', '0055_POS_113')]"
G0309,4,True,"['0050_POS_041', '0052_POS_097', '0053_POS_105', '0054_POS_113']",4,"['DHBW_OBJ_001', 'DHBW_OBJ_005', 'DHBW_OBJ_006', 'DHBW_OBJ_009']","[('0050_POS_041', '0052_POS_097'), ('0050_POS_041', '0053_POS_105'), ('0050_POS_041', '0054_POS_113'), ('0052_POS_097', '0053_POS_105'), ('0052_POS_097', '0054_POS_113'), ('0053_POS_105', '0054_POS_113')]"
G0310,4,True,"['0050_POS_041', '0052_POS_097', '0053_POS_105', '0055_POS_113']",4,"['DHBW_OBJ_001', 'DHBW_OBJ_005', 'DHBW_OBJ_006', 'DHBW_OBJ_009']","[('0050_POS_041', '0052_POS_097'), ('0050_POS_041', '0053_POS_105'), ('0050_POS_041', '0055_POS_113'), ('0052_POS_097', '0053_POS_105'), ('0052_POS_097', '0055_POS_113'), ('0053_POS_105', '0055_POS_113')]"
G0311,4,True,"['0050_POS_041', '0052_POS_097', '0054_POS_105', '0055_POS_113']",4,"['DHBW_OBJ_006', 'DHBW_OBJ_009', 'DHBW_OBJ_021', 'DHBW_OBJ_022']","[('0050_POS_041', '0052_POS_097'), ('0050_POS_041', '0054_POS_105'), ('0050_POS_041', '0055_POS_113'), ('0052_POS_097', '0054_POS_105'), ('0052_POS_097', '0055_POS_113'), ('0054_POS_105', '0055_POS_113')]"
G0312,4,True,"['0050_POS_041', '0053_POS_089', '0054_POS_097', '0055_POS_105']",4,"['DHBW_OBJ_012', 'DHBW_OBJ_013', 'DHBW_OBJ_015', 'DHBW_OBJ_016']","[('0050_POS_041', '0053_POS_089'), ('0050_POS_041', '0054_POS_097'), ('0050_POS_041', '0055_POS_105'), ('0053_POS_089', '0054_POS_097'), ('0053_POS_089', '0055_POS_105'), ('0054_POS_097', '0055_POS_105')]"
G0313,4,True,"['0050_POS_041', '0053_POS_089', '0054_POS_105', '0055_POS_113']",4,"['DHBW_OBJ_012', 'DHBW_OBJ_013', 'DHBW_OBJ_021', 'DHBW_OBJ_022']","[('0050_POS_041', '0053_POS_089'), ('0050_POS_041', '0054_POS_105'), ('0050_POS_041', '0055_POS_113'), ('0053_POS_089', '0054_POS_105'), ('0053_POS_089', '0055_POS_113'), ('0054_POS_105', '0055_POS_113')]"
G0314,4,True,"['0050_POS_041', '0053_POS_105', '0054_POS_113', '0055_POS_113']",4,"['DHBW_OBJ_001', 'DHBW_OBJ_005', 'DHBW_OBJ_006', 'DHBW_OBJ_009']","[('0050_POS_041', '0053_POS_105'), ('0050_POS_041', '0054_POS_113'), ('0050_POS_041', '0055_POS_113'), ('0053_POS_105', '0054_POS_113'), ('0053_POS_105', '0055_POS_113'), ('0054_POS_113', '0055_POS_113')]"
G0315,3,True,"['0050_POS_041', '0051_POS_049', '0053_POS_081']",7,"['DHBW_OBJ_014', 'DHBW_OBJ_015', 'DHBW_OBJ_016', 'DHBW_OBJ_017', 'DHBW_OBJ_018', 'DHBW_OBJ_019', 'DHBW_OBJ_020']","[('0050_POS_041', '0051_POS_049'), ('0050_POS_041', '0053_POS_081'), ('0051_POS_049', '0053_POS_081')]"
G0316,3,True,"['0050_POS_041', '0051_POS_049', '0055_POS_105']",7,"['DHBW_OBJ_012', 'DHBW_OBJ_013', 'DHBW_OBJ_015', 'DHBW_OBJ_016', 'DHBW_OBJ_017', 'DHBW_OBJ_018', 'DHBW_OBJ_020']","[('0050_POS_041', '0051_POS_049'), ('0050_POS_041', '0055_POS_105'), ('0051_POS_049', '0055_POS_105')]"
G0317,3,True,"['0050_POS_041', '0051_POS_065', '0052_POS_097']",7,"['DHBW_OBJ_001', 'DHBW_OBJ_005', 'DHBW_OBJ_006', 'DHBW_OBJ_007', 'DHBW_OBJ_009', 'DHBW_OBJ_010', 'DHBW_OBJ_011']","[('0050_POS_041', '0051_POS_065'), ('0050_POS_041', '0052_POS_097'), ('0051_POS_065', '0052_POS_097')]"
G0318,3,True,"['0050_POS_041', '0051_POS_049', '0052_POS_073']",6,"['DHBW_OBJ_015', 'DHBW_OBJ_016', 'DHBW_OBJ_017', 'DHBW_OBJ_018', 'DHBW_OBJ_019', 'DHBW_OBJ_020']","[('0050_POS_041', '0051_POS_049'), ('0050_POS_041', '0052_POS_073'), ('0051_POS_049', '0052_POS_073')]"
G0319,3,True,"['0050_POS_041', '0052_POS_073', '0053_POS_081']",6,"['DHBW_OBJ_015', 'DHBW_OBJ_016', 'DHBW_OBJ_017', 'DHBW_OBJ_018', 'DHBW_OBJ_019', 'DHBW_OBJ_020']","[('0050_POS_041', '0052_POS_073'), ('0050_POS_041', '0053_POS_081'), ('0052_POS_073', '0053_POS_081')]"
G0320,3,True,"['0050_POS_041', '0052_POS_097', '0055_POS_113']",6,"['DHBW_OBJ_001', 'DHBW_OBJ_005', 'DHBW_OBJ_006', 'DHBW_OBJ_009', 'DHBW_OBJ_021', 'DHBW_OBJ_022']","[('0050_POS_041', '0052_POS_097'), ('0050_POS_041', '0055_POS_113'), ('0052_POS_097', '0055_POS_113')]"
G0321,3,True,"['0050_POS_041', '0054_POS_105', '0055_POS_113']",6,"['DHBW_OBJ_006', 'DHBW_OBJ_009', 'DHBW_OBJ_012', 'DHBW_OBJ_013', 'DHBW_OBJ_021', 'DHBW_OBJ_022']","[('0050_POS_041', '0054_POS_105'), ('0050_POS_041', '0055_POS_113'), ('0054_POS_105', '0055_POS_113')]"
G0322,3,True,"['0050_POS_041', '0051_POS_049', '0053_POS_089']",5,"['DHBW_OBJ_012', 'DHBW_OBJ_013', 'DHBW_OBJ_014', 'DHBW_OBJ_015', 'DHBW_OBJ_016']","[('0050_POS_041', '0051_POS_049'), ('0050_POS_041', '0053_POS_089'), ('0051_POS_049', '0053_POS_089')]"
G0323,3,True,"['0050_POS_041', '0051_POS_049', '0054_POS_097']",5,"['DHBW_OBJ_012', 'DHBW_OBJ_013', 'DHBW_OBJ_014', 'DHBW_OBJ_015', 'DHBW_OBJ_016']","[('0050_POS_041', '0051_POS_049'), ('0050_POS_041', '0054_POS_097'), ('0051_POS_049', '0054_POS_097')]"
G0324,3,True,"['0050_POS_041', '0051_POS_065', '0053_POS_105']",5,"['DHBW_OBJ_001', 'DHBW_OBJ_005', 'DHBW_OBJ_006', 'DHBW_OBJ_007', 'DHBW_OBJ_009']","[('0050_POS_041', '0051_POS_065'), ('0050_POS_041', '0053_POS_105'), ('0051_POS_065', '0053_POS_105')]"
G0325,3,True,"['0050_POS_041', '0052_POS_073', '0055_POS_105']",5,"['DHBW_OBJ_015', 'DHBW_OBJ_016', 'DHBW_OBJ_017', 'DHBW_OBJ_018', 'DHBW_OBJ_020']","[('0050_POS_041', '0052_POS_073'), ('0050_POS_041', '0055_POS_105'), ('0052_POS_073', '0055_POS_105')]"
G0326,3,True,"['0050_POS_041', '0052_POS_089', '0053_POS_089']",5,"['DHBW_OBJ_012', 'DHBW_OBJ_013', 'DHBW_OBJ_014', 'DHBW_OBJ_021', 'DHBW_OBJ_022']","[('0050_POS_041', '0052_POS_089'), ('0050_POS_041', '0053_POS_089'), ('0052_POS_089', '0053_POS_089')]"
G0327,3,True,"['0050_POS_041', '0052_POS_089', '0054_POS_105']",5,"['DHBW_OBJ_012', 'DHBW_OBJ_013', 'DHBW_OBJ_014', 'DHBW_OBJ_021', 'DHBW_OBJ_022']","[('0050_POS_041', '0052_POS_089'), ('0050_POS_041', '0054_POS_105'), ('0052_POS_089', '0054_POS_105')]"
G0328,3,True,"['0050_POS_041', '0052_POS_097', '0053_POS_105']",5,"['DHBW_OBJ_001', 'DHBW_OBJ_005', 'DHBW_OBJ_006', 'DHBW_OBJ_007', 'DHBW_OBJ_009']","[('0050_POS_041', '0052_POS_097'), ('0050_POS_041', '0053_POS_105'), ('0052_POS_097', '0053_POS_105')]"
G0329,3,True,"['0050_POS_041', '0052_POS_097', '0054_POS_113']",5,"['DHBW_OBJ_001', 'DHBW_OBJ_005', 'DHBW_OBJ_006', 'DHBW_OBJ_009', 'DHBW_OBJ_022']","[('0050_POS_041', '0052_POS_097'), ('0050_POS_041', '0054_POS_113'), ('0052_POS_097', '0054_POS_113')]"
G0330,3,True,"['0050_POS_041', '0053_POS_081', '0055_POS_105']",5,"['DHBW_OBJ_015', 'DHBW_OBJ_016', 'DHBW_OBJ_017', 'DHBW_OBJ_018', 'DHBW_OBJ_020']","[('0050_POS_041', '0053_POS_081'), ('0050_POS_041', '0055_POS_105'), ('0053_POS_081', '0055_POS_105')]"
G0331,3,True,"['0050_POS_041', '0053_POS_089', '0054_POS_097']",5,"['DHBW_OBJ_012', 'DHBW_OBJ_013', 'DHBW_OBJ_014', 'DHBW_OBJ_015', 'DHBW_OBJ_016']","[('0050_POS_041', '0053_POS_089'), ('0050_POS_041', '0054_POS_097'), ('0053_POS_089', '0054_POS_097')]"
G0332,3,True,"['0050_POS_041', '0053_POS_089', '0054_POS_105']",5,"['DHBW_OBJ_012', 'DHBW_OBJ_013', 'DHBW_OBJ_014', 'DHBW_OBJ_021', 'DHBW_OBJ_022']","[('0050_POS_041', '0053_POS_089'), ('0050_POS_041', '0054_POS_105'), ('0053_POS_089', '0054_POS_105')]"
G0333,3,True,"['0050_POS_041', '0054_POS_113', '0055_POS_113']",5,"['DHBW_OBJ_001', 'DHBW_OBJ_005', 'DHBW_OBJ_006', 'DHBW_OBJ_009', 'DHBW_OBJ_022']","[('0050_POS_041', '0054_POS_113'), ('0050_POS_041', '0055_POS_113'), ('0054_POS_113', '0055_POS_113')]"
G0334,3,True,"['0050_POS_041', '0051_POS_049', '0053_POS_073']",4,"['DHBW_OBJ_017', 'DHBW_OBJ_018', 'DHBW_OBJ_019', 'DHBW_OBJ_020']","[('0050_POS_041', '0051_POS_049'), ('0050_POS_041', '0053_POS_073'), ('0051_POS_049', '0053_POS_073')]"
G0335,3,True,"['0050_POS_041', '0051_POS_065', '0054_POS_113']",4,"['DHBW_OBJ_001', 'DHBW_OBJ_005', 'DHBW_OBJ_006', 'DHBW_OBJ_009']","[('0050_POS_041', '0051_POS_065'), ('0050_POS_041', '0054_POS_113'), ('0051_POS_065', '0054_POS_113')]"
G0336,3,True,"['0050_POS_041', '0051_POS_065', '0055_POS_113']",4,"['DHBW_OBJ_001', 'DHBW_OBJ_005', 'DHBW_OBJ_006', 'DHBW_OBJ_009']","[('0050_POS_041', '0051_POS_065'), ('0050_POS_041', '0055_POS_113'), ('0051_POS_065', '0055_POS_113')]"
G0337,3,True,"['0050_POS_041', '0052_POS_073', '0053_POS_073']",4,"['DHBW_OBJ_017', 'DHBW_OBJ_018', 'DHBW_OBJ_019', 'DHBW_OBJ_020']","[('0050_POS_041', '0052_POS_073'), ('0050_POS_041', '0053_POS_073'), ('0052_POS_073', '0053_POS_073')]"
G0338,3,True,"['0050_POS_041', '0052_POS_089', '0055_POS_113']",4,"['DHBW_OBJ_012', 'DHBW_OBJ_013', 'DHBW_OBJ_021', 'DHBW_OBJ_022']","[('0050_POS_041', '0052_POS_089'), ('0050_POS_041', '0055_POS_113'), ('0052_POS_089', '0055_POS_113')]"
G0339,3,True,"['0050_POS_041', '0052_POS_097', '0054_POS_105']",4,"['DHBW_OBJ_006', 'DHBW_OBJ_009', 'DHBW_OBJ_021', 'DHBW_OBJ_022']","[('0050_POS_041', '0052_POS_097'), ('0050_POS_041', '0054_POS_105'), ('0052_POS_097', '0054_POS_105')]"
G0340,3,True,"['0050_POS_041', '0053_POS_089', '0055_POS_105']",4,"['DHBW_OBJ_012', 'DHBW_OBJ_013', 'DHBW_OBJ_015', 'DHBW_OBJ_016']","[('0050_POS_041', '0053_POS_089'), ('0050_POS_041', '0055_POS_105'), ('0053_POS_089', '0055_POS_105')]"
G0341,3,True,"['0050_POS_041', '0053_POS_089', '0055_POS_113']",4,"['DHBW_OBJ_012', 'DHBW_OBJ_013', 'DHBW_OBJ_021', 'DHBW_OBJ_022']","[('0050_POS_041', '0053_POS_089'), ('0050_POS_041', '0055_POS_113'), ('0053_POS_089', '0055_POS_113')]"
G0342,3,True,"['0050_POS_041', '0053_POS_105', '0054_POS_113']",4,"['DHBW_OBJ_001', 'DHBW_OBJ_005', 'DHBW_OBJ_006', 'DHBW_OBJ_009']","[('0050_POS_041', '0053_POS_105'), ('0050_POS_041', '0054_POS_113'), ('0053_POS_105', '0054_POS_113')]"
G0343,3,True,"['0050_POS_041', '0053_POS_105', '0055_POS_113']",4,"['DHBW_OBJ_001', 'DHBW_OBJ_005', 'DHBW_OBJ_006', 'DHBW_OBJ_009']","[('0050_POS_041', '0053_POS_105'), ('0050_POS_041', '0055_POS_113'), ('0053_POS_105', '0055_POS_113')]"
G0344,3,True,"['0050_POS_041', '0054_POS_097', '0055_POS_105']",4,"['DHBW_OBJ_012', 'DHBW_OBJ_013', 'DHBW_OBJ_015', 'DHBW_OBJ_016']","[('0050_POS_041', '0054_POS_097'), ('0050_POS_041', '0055_POS_105'), ('0054_POS_097', '0055_POS_105')]"
G0345,2,True,"['0050_POS_041', '0051_POS_065']",11,"['DHBW_OBJ_001', 'DHBW_OBJ_002', 'DHBW_OBJ_003', 'DHBW_OBJ_004', 'DHBW_OBJ_005', 'DHBW_OBJ_006', 'DHBW_OBJ_007', 'DHBW_OBJ_008', 'DHBW_OBJ_009', 'DHBW_OBJ_010', 'DHBW_OBJ_011']","[('0050_POS_041', '0051_POS_065')]"
G0346,2,True,"['0050_POS_041', '0051_POS_049']",9,"['DHBW_OBJ_012', 'DHBW_OBJ_013', 'DHBW_OBJ_014', 'DHBW_OBJ_015', 'DHBW_OBJ_016', 'DHBW_OBJ_017', 'DHBW_OBJ_018', 'DHBW_OBJ_019', 'DHBW_OBJ_020']","[('0050_POS_041', '0051_POS_049')]"
G0347,2,True,"['0050_POS_041', '0052_POS_097']",9,"['DHBW_OBJ_001', 'DHBW_OBJ_005', 'DHBW_OBJ_006', 'DHBW_OBJ_007', 'DHBW_OBJ_009', 'DHBW_OBJ_010', 'DHBW_OBJ_011', 'DHBW_OBJ_021', 'DHBW_OBJ_022']","[('0050_POS_041', '0052_POS_097')]"
G0348,2,True,"['0050_POS_041', '0055_POS_113']",8,"['DHBW_OBJ_001', 'DHBW_OBJ_005', 'DHBW_OBJ_006', 'DHBW_OBJ_009', 'DHBW_OBJ_012', 'DHBW_OBJ_013', 'DHBW_OBJ_021', 'DHBW_OBJ_022']","[('0050_POS_041', '0055_POS_113')]"
G0349,2,True,"['0050_POS_041', '0053_POS_081']",7,"['DHBW_OBJ_014', 'DHBW_OBJ_015', 'DHBW_OBJ_016', 'DHBW_OBJ_017', 'DHBW_OBJ_018', 'DHBW_OBJ_019', 'DHBW_OBJ_020']","[('0050_POS_041', '0053_POS_081')]"
G0350,2,True,"['0050_POS_041', '0053_POS_089']",7,"['DHBW_OBJ_012', 'DHBW_OBJ_013', 'DHBW_OBJ_014', 'DHBW_OBJ_015', 'DHBW_OBJ_016', 'DHBW_OBJ_021', 'DHBW_OBJ_022']","[('0050_POS_041', '0053_POS_089')]"
G0351,2,True,"['0050_POS_041', '0054_POS_105']",7,"['DHBW_OBJ_006', 'DHBW_OBJ_009', 'DHBW_OBJ_012', 'DHBW_OBJ_013', 'DHBW_OBJ_014', 'DHBW_OBJ_021', 'DHBW_OBJ_022']","[('0050_POS_041', '0054_POS_105')]"
G0352,2,True,"['0050_POS_041', '0055_POS_105']",7,"['DHBW_OBJ_012', 'DHBW_OBJ_013', 'DHBW_OBJ_015', 'DHBW_OBJ_016', 'DHBW_OBJ_017', 'DHBW_OBJ_018', 'DHBW_OBJ_020']","[('0050_POS_041', '0055_POS_105')]"
G0353,2,True,"['0050_POS_041', '0052_POS_073']",6,"['DHBW_OBJ_015', 'DHBW_OBJ_016', 'DHBW_OBJ_017', 'DHBW_OBJ_018', 'DHBW_OBJ_019', 'DHBW_OBJ_020']","[('0050_POS_041', '0052_POS_073')]"
G0354,2,True,"['0050_POS_041', '0052_POS_089']",5,"['DHBW_OBJ_012', 'DHBW_OBJ_013', 'DHBW_OBJ_014', 'DHBW_OBJ_021', 'DHBW_OBJ_022']","[('0050_POS_041', '0052_POS_089')]"
G0355,2,True,"['0050_POS_041', '0053_POS_105']",5,"['DHBW_OBJ_001', 'DHBW_OBJ_005', 'DHBW_OBJ_006', 'DHBW_OBJ_007', 'DHBW_OBJ_009']","[('0050_POS_041', '0053_POS_105')]"
G0356,2,True,"['0050_POS_041', '0054_POS_097']",5,"['DHBW_OBJ_012', 'DHBW_OBJ_013', 'DHBW_OBJ_014', 'DHBW_OBJ_015', 'DHBW_OBJ_016']","[('0050_POS_041', '0054_POS_097')]"
G0357,2,True,"['0050_POS_041', '0054_POS_113']",5,"['DHBW_OBJ_001', 'DHBW_OBJ_005', 'DHBW_OBJ_006', 'DHBW_OBJ_009', 'DHBW_OBJ_022']","[('0050_POS_041', '0054_POS_113')]"
G0358,2,True,"['0050_POS_041', '0051_POS_073']",4,"['DHBW_OBJ_001', 'DHBW_OBJ_002', 'DHBW_OBJ_003', 'DHBW_OBJ_004']","[('0050_POS_041', '0051_POS_073')]"
G0359,2,True,"['0050_POS_041', '0053_POS_073']",4,"['DHBW_OBJ_017', 'DHBW_OBJ_018', 'DHBW_OBJ_019', 'DHBW_OBJ_020']","[('0050_POS_041', '0053_POS_073')]"
